"Handle","Title","Body (HTML)","Vendor","Product Category","Type","Tags","Published","Option1 Name","Option1 Value","Variant SKU","Variant Inventory Tracker","Variant Inventory Qty","Variant Inventory Policy","Variant Fulfillment Service","Variant Requires Shipping","Variant Taxable","Image Src","Image Alt Text","Status"
"bomba-hidraulica-valtra-valmet-62-65-68-85-78el","Bomba Hidráulica Valtra-Valmet 62/65/68/85/86/88/78EL — Principal","<p>Bomba hidráulica <strong>bomba principal</strong> para tratores <strong>VALTRA-VALMET — Trator 62 / 65 / 68 / 85 / 86 / 88 / 78EL / 78DH / 880DHES</strong>. Peça original LIVENZA/SOHIPREN com certificação ISO 9001, 14001 e 18001. Reposição direta, montagem arbitrária. Envio para todo o Brasil.</p><h2>Especificações Técnicas</h2><ul><li><strong>Código LIVENZA:</strong> 5.0220.0547202</li><li><strong>Código O.E.M.:</strong> 159400-1</li><li><strong>Função:</strong> Bomba Principal</li><li><strong>Descrição técnica:</strong> BOI 11 E5.P.B4/11 B4.L</li></ul><h2>Compatibilidade</h2><p><strong>VALTRA-VALMET:</strong> Trator 62 / 65 / 68 / 85 / 86 / 88 / 78EL / 78DH / 880DHES</p><h2>Por que comprar na APP Agro Peças?</h2><ul><li>Peça original com certificação ISO 9001 / 14001 / 18001</li><li>Emissão de nota fiscal</li><li>Envio para todo o Brasil via transportadora ou Correios</li><li>Suporte técnico via WhatsApp</li></ul>","APP Agro Peças Padrão","Industrial & Commercial > Machinery > Agricultural Machinery","Bombas Hidráulicas","bomba,hidráulica,valtra,valmet,62,65,68,78el,livenza,principal,disponivel","true","Título","Padrão","5.0220.0547202","shopify","0","deny","manual","true","false","Livenza_5.0220.0547202-CT_REV._0_p1.png","Bomba Hidráulica Valtra-Valmet 62 65 68 85 78EL","active"
"bomba-hidraulica-valtra-valmet-885-985-1280","Bomba Hidráulica Principal Valtra-Valmet 885/985/1280","<p>Bomba hidráulica <strong>bomba principal</strong> para tratores <strong>VALTRA-VALMET — Trator 885 (4X4) / 985 (4X4) / 1280 / 1480 / 1580</strong>. Peça original LIVENZA/SOHIPREN com certificação ISO 9001, 14001 e 18001. Reposição direta, montagem arbitrária. Envio para todo o Brasil.</p><h2>Especificações Técnicas</h2><ul><li><strong>Código LIVENZA:</strong> 5.0220.0547201</li><li><strong>Código O.E.M.:</strong> 81131100</li><li><strong>Função:</strong> Bomba Principal</li><li><strong>Caudal Bomba I:</strong> 22,5 l/min a 2000 RPM</li><li><strong>Caudal Bomba II:</strong> 16 l/min a 2000 RPM</li><li><strong>Deslocamento I:</strong> 45 cm³/rev — <strong>Deslocamento II:</strong> 32 cm³/rev</li><li><strong>Sentido de Giro:</strong> Esquerdo</li><li><strong>Pressão mín. entrada:</strong> 0,7 BAR (Absoluta)</li><li><strong>Pressão máx. entrada:</strong> 2 BAR (Relativa)</li><li><strong>Temperatura máx. óleo:</strong> 80ºC</li></ul><h2>Compatibilidade</h2><p><strong>VALTRA-VALMET:</strong> Trator 885 (4X4) / 985 (4X4) / 1280 / 1480 / 1580</p><h2>Por que comprar na APP Agro Peças?</h2><ul><li>Peça original com certificação ISO 9001 / 14001 / 18001</li><li>Emissão de nota fiscal</li><li>Envio para todo o Brasil via transportadora ou Correios</li><li>Suporte técnico via WhatsApp</li></ul>","APP Agro Peças Padrão","Industrial & Commercial > Machinery > Agricultural Machinery","Bombas Hidráulicas","bomba,hidráulica,valtra,valmet,885,985,1280,1480,livenza,principal,disponivel","true","Título","Padrão","5.0220.0547201","shopify","0","deny","manual","true","false","Livenza_5.0220.0547201-CT_REV._0_p1.png","Bomba Hidráulica Principal Valtra-Valmet 885 985 1280","active"
"bomba-hidraulica-valtra-valmet-880-980-1780","Bomba Hidráulica Principal Valtra-Valmet 880/980/1780","<p>Bomba hidráulica <strong>bomba principal</strong> para tratores <strong>VALTRA-VALMET — Trator 880 (4x4 EI) / 980 EI / 880 (4x2 148) / 1780</strong>. Peça original LIVENZA/SOHIPREN com certificação ISO 9001, 14001 e 18001. Reposição direta, montagem arbitrária. Envio para todo o Brasil.</p><h2>Especificações Técnicas</h2><ul><li><strong>Código LIVENZA:</strong> 5.0220.0547205</li><li><strong>Código O.E.M.:</strong> 80166110</li><li><strong>Função:</strong> Bomba Principal</li><li><strong>Caudal Bomba I:</strong> 22,5 l/min a 2000 RPM</li><li><strong>Caudal Bomba II:</strong> 11 l/min a 2000 RPM</li><li><strong>Deslocamento I:</strong> 45 cm³/rev — <strong>Deslocamento II:</strong> 22 cm³/rev</li><li><strong>Sentido de Giro:</strong> Esquerdo</li><li><strong>Descrição técnica:</strong> BOI 22,5 E5.P.A2/11 A42.L1 (Corpo Traseiro Invertido)</li></ul><h2>Compatibilidade</h2><p><strong>VALTRA-VALMET:</strong> Trator 880 (4x4 EI) / 980 EI / 880 (4x2 148) / 1780</p><h2>Por que comprar na APP Agro Peças?</h2><ul><li>Peça original com certificação ISO 9001 / 14001 / 18001</li><li>Emissão de nota fiscal</li><li>Envio para todo o Brasil via transportadora ou Correios</li><li>Suporte técnico via WhatsApp</li></ul>","APP Agro Peças Padrão","Industrial & Commercial > Machinery > Agricultural Machinery","Bombas Hidráulicas","bomba,hidráulica,valtra,valmet,880,980,1780,livenza,principal,disponivel","true","Título","Padrão","5.0220.0547205","shopify","0","deny","manual","true","false","Livenza_5.0220.0547205-CT_REV._0_p1.png","Bomba Hidráulica Principal Valtra-Valmet 880 980 1780","active"
"bomba-hidraulica-valtra-valmet-118es-128-138-148","Bomba Hidráulica Principal Valtra-Valmet 118ES/128/138/148","<p>Bomba hidráulica <strong>bomba principal</strong> para tratores <strong>VALTRA-VALMET — Trator 118ES / 118 A4ES / 128 / 128 (4X4) / 138 4ES / 148 (4X4)</strong>. Peça original LIVENZA/SOHIPREN com certificação ISO 9001, 14001 e 18001. Reposição direta, montagem arbitrária. Envio para todo o Brasil.</p><h2>Especificações Técnicas</h2><ul><li><strong>Código LIVENZA:</strong> 5.0220.0547206</li><li><strong>Código O.E.M.:</strong> —</li><li><strong>Função:</strong> Bomba Principal</li><li><strong>Caudal Bomba I:</strong> 22,5 l/min a 2000 RPM</li><li><strong>Caudal Bomba II:</strong> 16 l/min a 2000 RPM</li><li><strong>Deslocamento I:</strong> 45 cm³/rev — <strong>Deslocamento II:</strong> 32 cm³/rev</li><li><strong>Sentido de Giro:</strong> Esquerdo</li><li><strong>Descrição técnica:</strong> BOI 22,5 E5.P.A2/16 A42.L1 (Corpo Traseiro Invertido)</li></ul><h2>Compatibilidade</h2><p><strong>VALTRA-VALMET:</strong> Trator 118ES / 118 A4ES / 128 / 128 (4X4) / 138 4ES / 148 (4X4)</p><h2>Por que comprar na APP Agro Peças?</h2><ul><li>Peça original com certificação ISO 9001 / 14001 / 18001</li><li>Emissão de nota fiscal</li><li>Envio para todo o Brasil via transportadora ou Correios</li><li>Suporte técnico via WhatsApp</li></ul>","APP Agro Peças Padrão","Industrial & Commercial > Machinery > Agricultural Machinery","Bombas Hidráulicas","bomba,hidráulica,valtra,valmet,118,128,138,148,livenza,principal,disponivel","true","Título","Padrão","5.0220.0547206","shopify","0","deny","manual","true","false","Livenza_5.0220.0547206-CT_REV._0_p1.png","Bomba Hidráulica Principal Valtra-Valmet 118ES 128 138 148","active"
"bomba-hidraulica-dupla-valtra-valmet-bh160","Bomba Hidráulica Dupla Valtra-Valmet BH160","<p>Bomba hidráulica <strong>sistema hidráulico e direção</strong> para tratores <strong>VALTRA-VALMET — BH160</strong>. Peça original LIVENZA/SOHIPREN com certificação ISO 9001, 14001 e 18001. Reposição direta, montagem arbitrária. Envio para todo o Brasil.</p><h2>Especificações Técnicas</h2><ul><li><strong>Código LIVENZA:</strong> 5.0220.0548824-2</li><li><strong>Código O.E.M.:</strong> —</li><li><strong>Função:</strong> Sistema Hidráulico e Direção</li><li><strong>Caudal Bomba I:</strong> 22,5 l/min a 2000 RPM</li><li><strong>Caudal Bomba II:</strong> 45 l/min a 2000 RPM</li><li><strong>Deslocamento I:</strong> 32 cm³/rev</li><li><strong>Sentido de Giro:</strong> Esquerdo</li><li><strong>Pressão mín. entrada:</strong> 0,7 BAR (Absoluta)</li><li><strong>Pressão máx. entrada:</strong> 2 BAR (Relativa)</li><li><strong>Temperatura máx. óleo:</strong> 80ºC</li></ul><h2>Compatibilidade</h2><p><strong>VALTRA-VALMET:</strong> BH160</p><h2>Por que comprar na APP Agro Peças?</h2><ul><li>Peça original com certificação ISO 9001 / 14001 / 18001</li><li>Emissão de nota fiscal</li><li>Envio para todo o Brasil via transportadora ou Correios</li><li>Suporte técnico via WhatsApp</li></ul>","APP Agro Peças Padrão","Industrial & Commercial > Machinery > Agricultural Machinery","Bombas Hidráulicas","bomba,hidráulica,valtra,valmet,BH160,dupla,livenza,disponivel","true","Título","Padrão","5.0220.0548824-2","shopify","0","deny","manual","true","false","5.0220.0548824-2_p1.png","Bomba Hidráulica Dupla Valtra-Valmet BH160","active"
"bomba-hidraulica-massey-ferguson-mf85x-185-275-290-direcao","Bomba Hidráulica Massey Ferguson MF85X/185/275/285/290 — Direção","<p>Bomba hidráulica <strong>direção</strong> para tratores <strong>MASSEY FERGUSON — Trator MF85X / MF185 / 275 / 285 / 290</strong>. Peça original LIVENZA/SOHIPREN com certificação ISO 9001, 14001 e 18001. Reposição direta, montagem arbitrária. Envio para todo o Brasil.</p><h2>Especificações Técnicas</h2><ul><li><strong>Código LIVENZA:</strong> 5.0203.0540803</li><li><strong>Código O.E.M.:</strong> 3148762M91 / 2802612M91</li><li><strong>Função:</strong> Direção</li><li><strong>Descrição técnica:</strong> BOI 5,5 C10.C10.C6.T10 — -90+10 BAR (DEPÓSITO)</li><li><strong>Referências cruzadas:</strong> 9 540 082 513 / 11111006002 / VH 90619051</li></ul><h2>Compatibilidade</h2><p><strong>MASSEY FERGUSON:</strong> Trator MF85X / MF185 / 275 / 285 / 290</p><h2>Por que comprar na APP Agro Peças?</h2><ul><li>Peça original com certificação ISO 9001 / 14001 / 18001</li><li>Emissão de nota fiscal</li><li>Envio para todo o Brasil via transportadora ou Correios</li><li>Suporte técnico via WhatsApp</li></ul>","APP Agro Peças Padrão","Industrial & Commercial > Machinery > Agricultural Machinery","Bombas Hidráulicas","bomba,hidráulica,massey-ferguson,MF,85x,185,275,285,290,direção,livenza,disponivel","true","Título","Padrão","5.0203.0540803","shopify","0","deny","manual","true","false","https://cdn.shopify.com/placeholder.png","Bomba Hidráulica Massey Ferguson MF85X 185 275 285 290","active"
"bomba-hidraulica-massey-ferguson-mf290-292-principal-direcao","Bomba Hidráulica Massey Ferguson MF290/292 4x4 — Principal e Direção","<p>Bomba hidráulica <strong>principal e direção</strong> para tratores <strong>MASSEY FERGUSON — Trator MF290 4x4 / MF292 4x2 / MF292 4x4</strong>. Peça original LIVENZA/SOHIPREN com certificação ISO 9001, 14001 e 18001. Reposição direta, montagem arbitrária. Envio para todo o Brasil.</p><h2>Especificações Técnicas</h2><ul><li><strong>Código LIVENZA:</strong> 5.0220.0547207</li><li><strong>Código O.E.M.:</strong> 3411929M91</li><li><strong>Função:</strong> Principal e Direção</li><li><strong>Descrição técnica:</strong> BOI 7 B11.C11.A15/11 A42.L1</li><li><strong>Referências cruzadas:</strong> 9 510 080 522 / 11112007001 / 41109203</li></ul><h2>Compatibilidade</h2><p><strong>MASSEY FERGUSON:</strong> Trator MF290 4x4 / MF292 4x2 / MF292 4x4</p><h2>Por que comprar na APP Agro Peças?</h2><ul><li>Peça original com certificação ISO 9001 / 14001 / 18001</li><li>Emissão de nota fiscal</li><li>Envio para todo o Brasil via transportadora ou Correios</li><li>Suporte técnico via WhatsApp</li></ul>","APP Agro Peças Padrão","Industrial & Commercial > Machinery > Agricultural Machinery","Bombas Hidráulicas","bomba,hidráulica,massey-ferguson,MF,290,292,principal,direção,livenza,disponivel","true","Título","Padrão","5.0220.0547207","shopify","0","deny","manual","true","false","https://cdn.shopify.com/placeholder.png","Bomba Hidráulica Massey Ferguson MF290 MF292","active"
"bomba-hidraulica-massey-ferguson-296-297-299","Bomba Hidráulica Massey Ferguson 296-4/297-4/299-4 — Principal","<p>Bomba hidráulica <strong>bomba principal</strong> para tratores <strong>MASSEY FERGUSON — Trator 296-4 / 297-4 / 299-4</strong>. Peça original LIVENZA/SOHIPREN com certificação ISO 9001, 14001 e 18001. Reposição direta, montagem arbitrária. Envio para todo o Brasil.</p><h2>Especificações Técnicas</h2><ul><li><strong>Código LIVENZA:</strong> 5.0220.0547216</li><li><strong>Código O.E.M.:</strong> 3412012 M91</li><li><strong>Função:</strong> Bomba Principal</li><li><strong>Descrição técnica:</strong> BOI 16 B9.P5.A42/19 A42.L1 (DEPÓSITO)</li></ul><h2>Compatibilidade</h2><p><strong>MASSEY FERGUSON:</strong> Trator 296-4 / 297-4 / 299-4</p><h2>Por que comprar na APP Agro Peças?</h2><ul><li>Peça original com certificação ISO 9001 / 14001 / 18001</li><li>Emissão de nota fiscal</li><li>Envio para todo o Brasil via transportadora ou Correios</li><li>Suporte técnico via WhatsApp</li></ul>","APP Agro Peças Padrão","Industrial & Commercial > Machinery > Agricultural Machinery","Bombas Hidráulicas","bomba,hidráulica,massey-ferguson,MF,296,297,299,principal,livenza,disponivel","true","Título","Padrão","5.0220.0547216","shopify","0","deny","manual","true","false","Livenza_5.0220.0547216-CT_REV._0_p1.png","Bomba Hidráulica Massey Ferguson 296-4 297-4 299-4","active"
"bomba-hidraulica-massey-ferguson-283-290-292-l5000","Bomba Hidráulica Massey Ferguson 283/290/292/L5000 — Direção e Levante","<p>Bomba hidráulica <strong>direção e levante</strong> para tratores <strong>MASSEY FERGUSON — Trator 283 / 290 / 292 / L5000</strong>. Peça original LIVENZA/SOHIPREN com certificação ISO 9001, 14001 e 18001. Reposição direta, montagem arbitrária. Envio para todo o Brasil.</p><h2>Especificações Técnicas</h2><ul><li><strong>Código LIVENZA:</strong> 5.0220.0548817</li><li><strong>Código O.E.M.:</strong> 052107T1</li><li><strong>Função:</strong> Direção e Levante</li><li><strong>Descrição técnica:</strong> BOI 7 B11.C12.A/11 A.L</li><li><strong>Referências cruzadas:</strong> R 979 106 432 / F 000 510 502</li></ul><h2>Compatibilidade</h2><p><strong>MASSEY FERGUSON:</strong> Trator 283 / 290 / 292 / L5000</p><h2>Por que comprar na APP Agro Peças?</h2><ul><li>Peça original com certificação ISO 9001 / 14001 / 18001</li><li>Emissão de nota fiscal</li><li>Envio para todo o Brasil via transportadora ou Correios</li><li>Suporte técnico via WhatsApp</li></ul>","APP Agro Peças Padrão","Industrial & Commercial > Machinery > Agricultural Machinery","Bombas Hidráulicas","bomba,hidráulica,massey-ferguson,MF,283,290,292,L5000,direção,levante,livenza,disponivel","true","Título","Padrão","5.0220.0548817","shopify","0","deny","manual","true","false","https://cdn.shopify.com/placeholder.png","Bomba Hidráulica Massey Ferguson 283 290 292 L5000","active"
"bomba-direcao-massey-ferguson-194-362-365-372-390","Bomba de Direção Massey Ferguson 194-4F/362/365/372/390","<p>Bomba hidráulica <strong>direção</strong> para tratores <strong>MASSEY FERGUSON — Trator 194-4F / 362 / 365 / 372 / 325 / 390</strong>. Peça original LIVENZA/SOHIPREN com certificação ISO 9001, 14001 e 18001. Reposição direta, montagem arbitrária. Envio para todo o Brasil.</p><h2>Especificações Técnicas</h2><ul><li><strong>Código LIVENZA:</strong> 5.0220.0548836</li><li><strong>Código O.E.M.:</strong> 3774612 M91</li><li><strong>Função:</strong> Direção</li><li><strong>Caudal Bomba I:</strong> 11 l/min a 2000 RPM</li><li><strong>Caudal Bomba II:</strong> 8 l/min a 2000 RPM</li><li><strong>Deslocamento I:</strong> 22 cm³/rev — <strong>Deslocamento II:</strong> 16 cm³/rev</li><li><strong>Sentido de Giro:</strong> Esquerdo</li><li><strong>Pressão mín. entrada:</strong> 0,7 BAR (Absoluta)</li><li><strong>Temperatura máx. óleo:</strong> 80ºC</li><li><strong>Descrição técnica:</strong> BOI 11 B17.C11.C26/8 B15.L</li></ul><h2>Compatibilidade</h2><p><strong>MASSEY FERGUSON:</strong> Trator 194-4F / 362 / 365 / 372 / 325 / 390</p><h2>Por que comprar na APP Agro Peças?</h2><ul><li>Peça original com certificação ISO 9001 / 14001 / 18001</li><li>Emissão de nota fiscal</li><li>Envio para todo o Brasil via transportadora ou Correios</li><li>Suporte técnico via WhatsApp</li></ul>","APP Agro Peças Padrão","Industrial & Commercial > Machinery > Agricultural Machinery","Bombas Hidráulicas","bomba,direção,massey-ferguson,MF,362,365,372,390,194,livenza,disponivel","true","Título","Padrão","5.0220.0548836","shopify","0","deny","manual","true","false","Livenza_5.0220.0548836-CT_REV._0_p1.png","Bomba de Direção Massey Ferguson 362 365 390","active"
"bomba-hidraulica-massey-ferguson-mf-a013-3000-6000","Bomba Hidráulica Massey Ferguson MF A-013 — Direção e Levante 3000/6000","<p>Bomba hidráulica <strong>direção e levante</strong> para tratores <strong>MASSEY FERGUSON — Trator 3050 / 3060 / 3065 / 3070 / 3075 / 3080 / 3085 / 3090 / 3095 / 3115 / 3120 / 3125 / 3140 / 6110 / 6120 / 6130 / 6140 / 6150 / 6160 / 6170 / 6180 / 6190 / 6235 / 6245 / 6255 / 6260 / 6265 / 6270 / 6280 / 6290</strong>. Peça original LIVENZA/SOHIPREN com certificação ISO 9001, 14001 e 18001. Reposição direta, montagem arbitrária. Envio para todo o Brasil.</p><h2>Especificações Técnicas</h2><ul><li><strong>Código LIVENZA:</strong> 5.1302.0547820</li><li><strong>Código O.E.M.:</strong> —</li><li><strong>Função:</strong> Direção e Levante</li><li><strong>Caudal Bomba I:</strong> 19 l/min a 2000 RPM</li><li><strong>Caudal Bomba II:</strong> 11 l/min a 2000 RPM</li><li><strong>Deslocamento I:</strong> 38 cm³/rev — <strong>Deslocamento II:</strong> 22 cm³/rev</li><li><strong>Sentido de Giro:</strong> Esquerdo</li></ul><h2>Compatibilidade</h2><p><strong>MASSEY FERGUSON:</strong> Trator 3050 / 3060 / 3065 / 3070 / 3075 / 3080 / 3085 / 3090 / 3095 / 3115 / 3120 / 3125 / 3140 / 6110 / 6120 / 6130 / 6140 / 6150 / 6160 / 6170 / 6180 / 6190 / 6235 / 6245 / 6255 / 6260 / 6265 / 6270 / 6280 / 6290</p><h2>Por que comprar na APP Agro Peças?</h2><ul><li>Peça original com certificação ISO 9001 / 14001 / 18001</li><li>Emissão de nota fiscal</li><li>Envio para todo o Brasil via transportadora ou Correios</li><li>Suporte técnico via WhatsApp</li></ul>","APP Agro Peças Padrão","Industrial & Commercial > Machinery > Agricultural Machinery","Bombas Hidráulicas","bomba,hidráulica,massey-ferguson,MF,3050,3060,6110,6120,6190,direção,levante,livenza,disponivel","true","Título","Padrão","5.1302.0547820","shopify","0","deny","manual","true","false","Livenza_5.1302.0547820-CT_REV._0_p1.png","Bomba Hidráulica Massey Ferguson MF A-013 3000 6000","active"
"bomba-hidraulica-massey-ferguson-mf-a004-4215-4255","Bomba Hidráulica Massey Ferguson MF A-004 — 4215/4220/4235/4255","<p>Bomba hidráulica <strong>sistema hidráulico</strong> para tratores <strong>MASSEY FERGUSON — Trator 4215 / 4220 / 4225 / 4235 / 4240 / 4245 / 4255</strong>. Peça original LIVENZA/SOHIPREN com certificação ISO 9001, 14001 e 18001. Reposição direta, montagem arbitrária. Envio para todo o Brasil.</p><h2>Especificações Técnicas</h2><ul><li><strong>Código LIVENZA:</strong> 5.1302.0547844</li><li><strong>Código O.E.M.:</strong> —</li><li><strong>Função:</strong> Sistema Hidráulico</li><li><strong>Caudal Bomba I:</strong> 14 l/min a 2000 RPM</li><li><strong>Caudal Bomba II:</strong> 11 l/min a 2000 RPM</li><li><strong>Deslocamento I:</strong> 28 cm³/rev — <strong>Deslocamento II:</strong> 22 cm³/rev</li><li><strong>Sentido de Giro:</strong> Direito</li></ul><h2>Compatibilidade</h2><p><strong>MASSEY FERGUSON:</strong> Trator 4215 / 4220 / 4225 / 4235 / 4240 / 4245 / 4255</p><h2>Por que comprar na APP Agro Peças?</h2><ul><li>Peça original com certificação ISO 9001 / 14001 / 18001</li><li>Emissão de nota fiscal</li><li>Envio para todo o Brasil via transportadora ou Correios</li><li>Suporte técnico via WhatsApp</li></ul>","APP Agro Peças Padrão","Industrial & Commercial > Machinery > Agricultural Machinery","Bombas Hidráulicas","bomba,hidráulica,massey-ferguson,MF,4215,4220,4235,4255,livenza,disponivel","true","Título","Padrão","5.1302.0547844","shopify","0","deny","manual","true","false","Livenza_5.1302.0547844-CT_REV._A_p1.png","Bomba Hidráulica Massey Ferguson MF A-004 4215 4255","active"
"bomba-hidraulica-massey-ferguson-mf-a016-4299","Bomba Hidráulica Massey Ferguson MF A-016 — Trator 4299","<p>Bomba hidráulica <strong>sistema hidráulico e direção</strong> para tratores <strong>MASSEY FERGUSON — Trator 4299</strong>. Peça original LIVENZA/SOHIPREN com certificação ISO 9001, 14001 e 18001. Reposição direta, montagem arbitrária. Envio para todo o Brasil.</p><h2>Especificações Técnicas</h2><ul><li><strong>Código LIVENZA:</strong> 5.1302.0565053</li><li><strong>Código O.E.M.:</strong> 6262009M91</li><li><strong>Função:</strong> Sistema Hidráulico e Direção</li><li><strong>Caudal Bomba I:</strong> 22,5 l/min a 2000 RPM</li><li><strong>Caudal Bomba II:</strong> 11 l/min a 2000 RPM</li><li><strong>Deslocamento I:</strong> 45 cm³/rev — <strong>Deslocamento II:</strong> 22 cm³/rev</li><li><strong>Temperatura máx. óleo:</strong> 110ºC</li><li><strong>Filtração:</strong> Grau ISO 4406 20/18</li><li><strong>Estriado:</strong> Evolvente DIN 5480 Z=13 m=1,25</li></ul><h2>Compatibilidade</h2><p><strong>MASSEY FERGUSON:</strong> Trator 4299</p><h2>Por que comprar na APP Agro Peças?</h2><ul><li>Peça original com certificação ISO 9001 / 14001 / 18001</li><li>Emissão de nota fiscal</li><li>Envio para todo o Brasil via transportadora ou Correios</li><li>Suporte técnico via WhatsApp</li></ul>","APP Agro Peças Padrão","Industrial & Commercial > Machinery > Agricultural Machinery","Bombas Hidráulicas","bomba,hidráulica,massey-ferguson,MF,4299,livenza,disponivel","true","Título","Padrão","5.1302.0565053","shopify","0","deny","manual","true","false","Livenza_5.1302.0565053-1_p1.png","Bomba Hidráulica Massey Ferguson MF A-016 4299","active"
"bomba-hidraulica-ford-new-holland-cnh-a001-5600-7700","Bomba Hidráulica Ford New Holland CNH A-001 — 5600/6600/7600/7700","<p>Bomba hidráulica <strong>levante e tomada de força</strong> para tratores <strong>FORD – NEW HOLLAND — Trator 5600 / 5700 / 6600 / 6700 / 7600 / 7700 / 8030</strong>. Peça original LIVENZA/SOHIPREN com certificação ISO 9001, 14001 e 18001. Reposição direta, montagem arbitrária. Envio para todo o Brasil.</p><h2>Especificações Técnicas</h2><ul><li><strong>Código LIVENZA:</strong> 5.1301.0565001</li><li><strong>Código O.E.M.:</strong> D8NN600KB / 83936586</li><li><strong>Função:</strong> Levante e Tomada de Força</li><li><strong>Caudal Bomba I:</strong> 22,5 l/min a 2000 RPM</li><li><strong>Caudal Bomba II:</strong> 4,5 l/min a 2000 RPM</li><li><strong>Deslocamento I:</strong> 45 cm³/rev — <strong>Deslocamento II:</strong> 9 cm³/rev</li><li><strong>Sentido de Giro:</strong> Direito</li></ul><h2>Compatibilidade</h2><p><strong>FORD – NEW HOLLAND:</strong> Trator 5600 / 5700 / 6600 / 6700 / 7600 / 7700 / 8030</p><h2>Por que comprar na APP Agro Peças?</h2><ul><li>Peça original com certificação ISO 9001 / 14001 / 18001</li><li>Emissão de nota fiscal</li><li>Envio para todo o Brasil via transportadora ou Correios</li><li>Suporte técnico via WhatsApp</li></ul>","APP Agro Peças Padrão","Industrial & Commercial > Machinery > Agricultural Machinery","Bombas Hidráulicas","bomba,hidráulica,ford,new-holland,CNH,5600,5700,6600,7700,8030,levante,livenza,disponivel","true","Título","Padrão","5.1301.0565001","shopify","0","deny","manual","true","false","Livenza_5.1301.0565001-CT_REV._0_p1.png","Bomba Hidráulica Ford New Holland CNH A-001 5600 7700","active"
"bomba-hidraulica-ford-new-holland-cnh-a002-5610-7810","Bomba Hidráulica Principal Ford New Holland CNH A-002 — 5610/7610/7810","<p>Bomba hidráulica <strong>bomba principal</strong> para tratores <strong>FORD – NEW HOLLAND — Trator 5610 / 6610 / 7610 / 7710 / 7700 / 7810 / 7910 / 8210 / 8030 / 7630</strong>. Peça original LIVENZA/SOHIPREN com certificação ISO 9001, 14001 e 18001. Reposição direta, montagem arbitrária. Envio para todo o Brasil.</p><h2>Especificações Técnicas</h2><ul><li><strong>Código LIVENZA:</strong> 5.1301.0565002</li><li><strong>Código O.E.M.:</strong> E0NN600AC / 83957379</li><li><strong>Função:</strong> Bomba Principal</li><li><strong>Caudal Bomba I:</strong> 18,5 l/min a 2000 RPM</li><li><strong>Caudal Bomba II:</strong> 11,5 l/min a 2000 RPM</li><li><strong>Deslocamento I:</strong> 37 cm³/rev — <strong>Deslocamento II:</strong> 23 cm³/rev</li><li><strong>Sentido de Giro:</strong> Direito</li></ul><h2>Compatibilidade</h2><p><strong>FORD – NEW HOLLAND:</strong> Trator 5610 / 6610 / 7610 / 7710 / 7700 / 7810 / 7910 / 8210 / 8030 / 7630</p><h2>Por que comprar na APP Agro Peças?</h2><ul><li>Peça original com certificação ISO 9001 / 14001 / 18001</li><li>Emissão de nota fiscal</li><li>Envio para todo o Brasil via transportadora ou Correios</li><li>Suporte técnico via WhatsApp</li></ul>","APP Agro Peças Padrão","Industrial & Commercial > Machinery > Agricultural Machinery","Bombas Hidráulicas","bomba,hidráulica,ford,new-holland,CNH,5610,6610,7610,7810,8210,livenza,disponivel","true","Título","Padrão","5.1301.0565002","shopify","0","deny","manual","true","false","Livenza_5.1301.0565002-CT_REV._0_p1.png","Bomba Hidráulica Ford New Holland CNH A-002 5610 7810","active"
"bomba-hidraulica-ford-new-holland-cnh-a004-340-4630","Bomba Hidráulica Ford New Holland CNH A-004 — 340/2910/3930/4630","<p>Bomba hidráulica <strong>bomba principal</strong> para tratores <strong>FORD – NEW HOLLAND — Trator 340 / 345 / 420 / 515 / 535 / 540 / 545 / 2910 / 3230 / 3400 / 3430 / 3550 / 3910 / 3930 / 4100 / 4110 / 4130 / 4400 / 4410 / 4500 / 4600 / 4610 / 4630</strong>. Peça original LIVENZA/SOHIPREN com certificação ISO 9001, 14001 e 18001. Reposição direta, montagem arbitrária. Envio para todo o Brasil.</p><h2>Especificações Técnicas</h2><ul><li><strong>Código LIVENZA:</strong> 5.1301.0565004</li><li><strong>Código O.E.M.:</strong> D8NN600LB / 83936585</li><li><strong>Função:</strong> Bomba Principal</li><li><strong>Caudal Bomba I:</strong> 4,5 l/min a 2000 RPM</li><li><strong>Caudal Bomba II:</strong> 22,5 l/min a 2000 RPM</li><li><strong>Deslocamento I:</strong> 9 cm³/rev — <strong>Deslocamento II:</strong> 45 cm³/rev</li><li><strong>Sentido de Giro:</strong> Direito</li></ul><h2>Compatibilidade</h2><p><strong>FORD – NEW HOLLAND:</strong> Trator 340 / 345 / 420 / 515 / 535 / 540 / 545 / 2910 / 3230 / 3400 / 3430 / 3550 / 3910 / 3930 / 4100 / 4110 / 4130 / 4400 / 4410 / 4500 / 4600 / 4610 / 4630</p><h2>Por que comprar na APP Agro Peças?</h2><ul><li>Peça original com certificação ISO 9001 / 14001 / 18001</li><li>Emissão de nota fiscal</li><li>Envio para todo o Brasil via transportadora ou Correios</li><li>Suporte técnico via WhatsApp</li></ul>","APP Agro Peças Padrão","Industrial & Commercial > Machinery > Agricultural Machinery","Bombas Hidráulicas","bomba,hidráulica,ford,new-holland,CNH,340,4630,3930,4110,livenza,disponivel","true","Título","Padrão","5.1301.0565004","shopify","0","deny","manual","true","false","Livenza_5.1301.0565004-CT_REV._A_p1.png","Bomba Hidráulica Ford New Holland CNH A-004 340 4630","active"
"bomba-hidraulica-ford-new-holland-cnh-a008-tb-ts","Bomba Hidráulica Ford New Holland CNH A-008 — Série TB/TS","<p>Bomba hidráulica <strong>sistema hidráulico e direção</strong> para tratores <strong>FORD – NEW HOLLAND — Trator TB80 / TB85 / TB90 / TB100 / TB110 / TB120 / TS80 / TS90 / TS100 / TS110 / TS115 / 5610 / 5640 / 6610 / 6640 / 6810 / 7010 / 7610 / 7740 / 7840 / 8010 / 8240 / 8340</strong>. Peça original LIVENZA/SOHIPREN com certificação ISO 9001, 14001 e 18001. Reposição direta, montagem arbitrária. Envio para todo o Brasil.</p><h2>Especificações Técnicas</h2><ul><li><strong>Código LIVENZA:</strong> 5.1301.0565008</li><li><strong>Código O.E.M.:</strong> FONN600BB / 82983657 / 81871528</li><li><strong>Função:</strong> Sistema Hidráulico e Direção</li><li><strong>Caudal Bomba I:</strong> 15,1 l/min a 2000 RPM</li><li><strong>Caudal Bomba II:</strong> 14,9 l/min a 2000 RPM</li><li><strong>Sentido de Giro:</strong> Direito</li><li><strong>Temperatura máx. óleo:</strong> 80ºC</li></ul><h2>Compatibilidade</h2><p><strong>FORD – NEW HOLLAND:</strong> Trator TB80 / TB85 / TB90 / TB100 / TB110 / TB120 / TS80 / TS90 / TS100 / TS110 / TS115 / 5610 / 5640 / 6610 / 6640 / 6810 / 7010 / 7610 / 7740 / 7840 / 8010 / 8240 / 8340</p><h2>Por que comprar na APP Agro Peças?</h2><ul><li>Peça original com certificação ISO 9001 / 14001 / 18001</li><li>Emissão de nota fiscal</li><li>Envio para todo o Brasil via transportadora ou Correios</li><li>Suporte técnico via WhatsApp</li></ul>","APP Agro Peças Padrão","Industrial & Commercial > Machinery > Agricultural Machinery","Bombas Hidráulicas","bomba,hidráulica,ford,new-holland,CNH,TB,TS,TB100,TS110,livenza,disponivel","true","Título","Padrão","5.1301.0565008","shopify","0","deny","manual","true","false","5.1301.0565008_p1.png","Bomba Hidráulica Ford New Holland CNH A-008 TB TS","active"
"bomba-hidraulica-ford-new-holland-cnh-a017-ts6000","Bomba Hidráulica Ford New Holland CNH A-017 — Série TS6000","<p>Bomba hidráulica <strong>sistema hidráulico e direção</strong> para tratores <strong>FORD – NEW HOLLAND — Trator 5610S / 6610S / 7610S / TS6000 / TS6020 / TS6030 / TS6040</strong>. Peça original LIVENZA/SOHIPREN com certificação ISO 9001, 14001 e 18001. Reposição direta, montagem arbitrária. Envio para todo o Brasil.</p><h2>Especificações Técnicas</h2><ul><li><strong>Código LIVENZA:</strong> 5.1301.0565017</li><li><strong>Código O.E.M.:</strong> —</li><li><strong>Função:</strong> Sistema Hidráulico e Direção</li><li><strong>Caudal Bomba I:</strong> 20,7 l/min a 2000 RPM</li><li><strong>Caudal Bomba II:</strong> 11,1 l/min a 2000 RPM</li><li><strong>Deslocamento I:</strong> 41,4 cm³/rev — <strong>Deslocamento II:</strong> 22,2 cm³/rev</li><li><strong>Sentido de Giro:</strong> Direito</li></ul><h2>Compatibilidade</h2><p><strong>FORD – NEW HOLLAND:</strong> Trator 5610S / 6610S / 7610S / TS6000 / TS6020 / TS6030 / TS6040</p><h2>Por que comprar na APP Agro Peças?</h2><ul><li>Peça original com certificação ISO 9001 / 14001 / 18001</li><li>Emissão de nota fiscal</li><li>Envio para todo o Brasil via transportadora ou Correios</li><li>Suporte técnico via WhatsApp</li></ul>","APP Agro Peças Padrão","Industrial & Commercial > Machinery > Agricultural Machinery","Bombas Hidráulicas","bomba,hidráulica,ford,new-holland,CNH,TS6000,TS6020,TS6040,livenza,disponivel","true","Título","Padrão","5.1301.0565017","shopify","0","deny","manual","true","false","5.1301.0565017_p1.png","Bomba Hidráulica Ford New Holland CNH A-017 TS6000","active"
"bomba-hidraulica-new-holland-tc57-cnh-a020","Bomba Hidráulica New Holland TC57 — Colhedeira CNH A-020","<p>Bomba hidráulica <strong>bomba principal</strong> para tratores <strong>CNH – NEW HOLLAND — Colhedeira TC57</strong>. Peça original LIVENZA/SOHIPREN com certificação ISO 9001, 14001 e 18001. Reposição direta, montagem arbitrária. Envio para todo o Brasil.</p><h2>Especificações Técnicas</h2><ul><li><strong>Código LIVENZA:</strong> 5.1301.0565029</li><li><strong>Código O.E.M.:</strong> 87605496</li><li><strong>Função:</strong> Bomba Principal</li><li><strong>Descrição técnica:</strong> Bomba Aplicação CNH A-020 Giro I</li></ul><h2>Compatibilidade</h2><p><strong>CNH – NEW HOLLAND:</strong> Colhedeira TC57</p><h2>Por que comprar na APP Agro Peças?</h2><ul><li>Peça original com certificação ISO 9001 / 14001 / 18001</li><li>Emissão de nota fiscal</li><li>Envio para todo o Brasil via transportadora ou Correios</li><li>Suporte técnico via WhatsApp</li></ul>","APP Agro Peças Padrão","Industrial & Commercial > Machinery > Agricultural Machinery","Bombas Hidráulicas","bomba,hidráulica,new-holland,CNH,TC57,colhedeira,principal,livenza,disponivel","true","Título","Padrão","5.1301.0565029","shopify","0","deny","manual","true","false","https://cdn.shopify.com/placeholder.png","Bomba Hidráulica New Holland TC57 Colhedeira","active"
"bomba-hidraulica-new-holland-cnh-a024-t6","Bomba Hidráulica New Holland CNH A-024 — Série T6","<p>Bomba hidráulica <strong>sistema hidráulico e direção</strong> para tratores <strong>FORD – NEW HOLLAND — Trator T6.110 / T6.110 (4WD) / T6.120 / T6.120 (4WD) / T6.125 / T6.130 (4WD) / T6.140</strong>. Peça original LIVENZA/SOHIPREN com certificação ISO 9001, 14001 e 18001. Reposição direta, montagem arbitrária. Envio para todo o Brasil.</p><h2>Especificações Técnicas</h2><ul><li><strong>Código LIVENZA:</strong> 5.1301.0565035</li><li><strong>Código O.E.M.:</strong> —</li><li><strong>Função:</strong> Sistema Hidráulico e Direção</li><li><strong>Caudal Bomba I:</strong> 20,7 l/min a 2000 RPM</li><li><strong>Caudal Bomba II:</strong> 14,9 l/min a 2000 RPM</li><li><strong>Deslocamento I:</strong> 41,4 cm³/rev — <strong>Deslocamento II:</strong> 29,8 cm³/rev</li><li><strong>Sentido de Giro:</strong> Direito</li></ul><h2>Compatibilidade</h2><p><strong>FORD – NEW HOLLAND:</strong> Trator T6.110 / T6.110 (4WD) / T6.120 / T6.120 (4WD) / T6.125 / T6.130 (4WD) / T6.140</p><h2>Por que comprar na APP Agro Peças?</h2><ul><li>Peça original com certificação ISO 9001 / 14001 / 18001</li><li>Emissão de nota fiscal</li><li>Envio para todo o Brasil via transportadora ou Correios</li><li>Suporte técnico via WhatsApp</li></ul>","APP Agro Peças Padrão","Industrial & Commercial > Machinery > Agricultural Machinery","Bombas Hidráulicas","bomba,hidráulica,new-holland,CNH,T6,T6110,T6140,livenza,disponivel","true","Título","Padrão","5.1301.0565035","shopify","0","deny","manual","true","false","5.1301.0565035_p1.png","Bomba Hidráulica New Holland CNH A-024 T6","active"
"bomba-hidraulica-john-deere-a003-serie-6000","Bomba Hidráulica Principal John Deere A-003 — Série 6000","<p>Bomba hidráulica <strong>bomba principal</strong> para tratores <strong>JOHN DEERE — Trator 6010 / SE6010 / 6020 / SE6020 / 6110 / 6120 / 6210 / 6215 / 6220 / 6310 / 6320 / 6410 / 6415 / 6420 / 6510 / 6520 / 6610 / 6615 / 6620 / 6715 / 7330</strong>. Peça original LIVENZA/SOHIPREN com certificação ISO 9001, 14001 e 18001. Reposição direta, montagem arbitrária. Envio para todo o Brasil.</p><h2>Especificações Técnicas</h2><ul><li><strong>Código LIVENZA:</strong> 5.1305.0565036</li><li><strong>Código O.E.M.:</strong> AL156335 / AL200830 / AL117812</li><li><strong>Função:</strong> Bomba Principal</li><li><strong>Caudal Bomba I:</strong> 56 l/min a 2000 RPM</li><li><strong>Caudal Bomba II:</strong> 28 l/min a 2000 RPM</li><li><strong>Sentido de Giro:</strong> Direito</li><li><strong>Temperatura máx. óleo:</strong> 80ºC</li></ul><h2>Compatibilidade</h2><p><strong>JOHN DEERE:</strong> Trator 6010 / SE6010 / 6020 / SE6020 / 6110 / 6120 / 6210 / 6215 / 6220 / 6310 / 6320 / 6410 / 6415 / 6420 / 6510 / 6520 / 6610 / 6615 / 6620 / 6715 / 7330</p><h2>Por que comprar na APP Agro Peças?</h2><ul><li>Peça original com certificação ISO 9001 / 14001 / 18001</li><li>Emissão de nota fiscal</li><li>Envio para todo o Brasil via transportadora ou Correios</li><li>Suporte técnico via WhatsApp</li></ul>","APP Agro Peças Padrão","Industrial & Commercial > Machinery > Agricultural Machinery","Bombas Hidráulicas","bomba,hidráulica,john-deere,JD,6010,6110,6120,6220,6420,6620,série-6000,livenza,disponivel","true","Título","Padrão","5.1305.0565036","shopify","0","deny","manual","true","false","5.1305.0565036_p1.png","Bomba Hidráulica Principal John Deere A-003 Série 6000","active"
"bomba-direcao-levante-john-deere-a004-serie-5000-6000","Bomba Hidráulica Direção e Levante John Deere A-004 — Série 5000/6000","<p>Bomba hidráulica <strong>direção e levante</strong> para tratores <strong>JOHN DEERE — Trator 5210 / 5215 / 5310 / 5315 / 5403 / 5410 / 5415 / 5420 / 5425 / 5510 / 5515 / 5520 / 5603 / 5605 / 5615 / 5625 / 5705 / 5715 / 5725 / 6045 / 6077 / 6081 / 5076E / 5082E / 5083E / 5090E / 5093E / 5101E</strong>. Peça original LIVENZA/SOHIPREN com certificação ISO 9001, 14001 e 18001. Reposição direta, montagem arbitrária. Envio para todo o Brasil.</p><h2>Especificações Técnicas</h2><ul><li><strong>Código LIVENZA:</strong> 5.1305.0565071</li><li><strong>Código O.E.M.:</strong> —</li><li><strong>Função:</strong> Direção e Levante</li><li><strong>Caudal Bomba I (Direção):</strong> 25 l/min a 2000 RPM</li><li><strong>Caudal Bomba II (Levante):</strong> 12 l/min a 2000 RPM</li><li><strong>Deslocamento I:</strong> 50 cm³/rev — <strong>Deslocamento II:</strong> 24 cm³/rev</li><li><strong>Sentido de Giro:</strong> Esquerdo</li></ul><h2>Compatibilidade</h2><p><strong>JOHN DEERE:</strong> Trator 5210 / 5215 / 5310 / 5315 / 5403 / 5410 / 5415 / 5420 / 5425 / 5510 / 5515 / 5520 / 5603 / 5605 / 5615 / 5625 / 5705 / 5715 / 5725 / 6045 / 6077 / 6081 / 5076E / 5082E / 5083E / 5090E / 5093E / 5101E</p><h2>Por que comprar na APP Agro Peças?</h2><ul><li>Peça original com certificação ISO 9001 / 14001 / 18001</li><li>Emissão de nota fiscal</li><li>Envio para todo o Brasil via transportadora ou Correios</li><li>Suporte técnico via WhatsApp</li></ul>","APP Agro Peças Padrão","Industrial & Commercial > Machinery > Agricultural Machinery","Bombas Hidráulicas","bomba,hidráulica,john-deere,JD,5210,5310,5420,5520,5720,série-5000,direção,levante,livenza,disponivel","true","Título","Padrão","5.1305.0565071","shopify","0","deny","manual","true","false","5.1305.0565071_p1.png","Bomba Hidráulica Direção Levante John Deere A-004 Série 5000","active"
"bomba-hidraulica-john-deere-a005-serie-5000-5010-6000","Bomba Hidráulica John Deere A-005 — Série 5000/5010/5020/6000","<p>Bomba hidráulica <strong>bomba principal</strong> para tratores <strong>JOHN DEERE — Trator Série 5000 / 5003 / 5005 / 5010 / 5015 / 5020 / 5025 / 6000</strong>. Peça original LIVENZA/SOHIPREN com certificação ISO 9001, 14001 e 18001. Reposição direta, montagem arbitrária. Envio para todo o Brasil.</p><h2>Especificações Técnicas</h2><ul><li><strong>Código LIVENZA:</strong> 5.1305.0565077</li><li><strong>Código O.E.M.:</strong> RE73947 / DQ61690 / DQ42290</li><li><strong>Função:</strong> Bomba Principal</li><li><strong>Descrição técnica:</strong> Bomba Aplicação JD A-005</li></ul><h2>Compatibilidade</h2><p><strong>JOHN DEERE:</strong> Trator Série 5000 / 5003 / 5005 / 5010 / 5015 / 5020 / 5025 / 6000</p><h2>Por que comprar na APP Agro Peças?</h2><ul><li>Peça original com certificação ISO 9001 / 14001 / 18001</li><li>Emissão de nota fiscal</li><li>Envio para todo o Brasil via transportadora ou Correios</li><li>Suporte técnico via WhatsApp</li></ul>","APP Agro Peças Padrão","Industrial & Commercial > Machinery > Agricultural Machinery","Bombas Hidráulicas","bomba,hidráulica,john-deere,JD,5000,5010,5020,6000,principal,livenza,disponivel","true","Título","Padrão","5.1305.0565077","shopify","0","deny","manual","true","false","https://cdn.shopify.com/placeholder.png","Bomba Hidráulica John Deere A-005 Série 5000 5010 6000","active"
"bomba-hidraulica-john-deere-colhedeira-1150-1165-1185-7300","Bomba Hidráulica John Deere Colhedeira 1150/1165/1185/7300/7500/8500","<p>Bomba hidráulica <strong>direção e acionamento molinete</strong> para tratores <strong>JOHN DEERE — Colhedeira / Combine Harvester 1150 / 1165 / 1185 / 1450 / 7300 / 7500 / 8500</strong>. Peça original LIVENZA/SOHIPREN com certificação ISO 9001, 14001 e 18001. Reposição direta, montagem arbitrária. Envio para todo o Brasil.</p><h2>Especificações Técnicas</h2><ul><li><strong>Código LIVENZA:</strong> 5.0209.0547219</li><li><strong>Código O.E.M.:</strong> DQ.12014</li><li><strong>Função:</strong> Direção e Acionamento Molinete</li><li><strong>Descrição técnica:</strong> BOI 11 B9.P4.A42/11 A42/4 A2.L1</li><li><strong>Aplicação:</strong> Cosechadora / Combine Harvester</li></ul><h2>Compatibilidade</h2><p><strong>JOHN DEERE:</strong> Colhedeira / Combine Harvester 1150 / 1165 / 1185 / 1450 / 7300 / 7500 / 8500</p><h2>Por que comprar na APP Agro Peças?</h2><ul><li>Peça original com certificação ISO 9001 / 14001 / 18001</li><li>Emissão de nota fiscal</li><li>Envio para todo o Brasil via transportadora ou Correios</li><li>Suporte técnico via WhatsApp</li></ul>","APP Agro Peças Padrão","Industrial & Commercial > Machinery > Agricultural Machinery","Bombas Hidráulicas","bomba,hidráulica,john-deere,JD,colhedeira,1150,1165,1185,7300,7500,8500,molinete,livenza,disponivel","true","Título","Padrão","5.0209.0547219","shopify","0","deny","manual","true","false","5.1305.0565032_p1.png","Bomba Hidráulica John Deere Colhedeira 1150 1165 1185","active"
"sensor-fluxo-sflx2-agral","Sensor de Fluxo SFLX2 — Agral | Plantadeiras de Precisão","<p>Sensor de fluxo de fertilizantes e sementes de última geração para plantadeiras de precisão. Detecta materiais independentemente de formato e tamanho, oferecendo indicação de fluxo mais precisa em comparação ao modelo anterior SFLX.</p><h2>Compatibilidade</h2><ul><li><strong>Monitores:</strong> Precision Planting 20|20, Dickey John PM400, Agrosystem MP36</li><li><strong>Sensores:</strong> Vigilense (Dickey John)</li><li><strong>Plantadeiras:</strong> Momentum (Massey Ferguson, Valtra, Fendt), Elite e Quadra (Kuhn)</li></ul><h2>Especificações Técnicas</h2><ul><li><strong>Código:</strong> SFLX2</li><li><strong>Fabricante:</strong> Agral</li><li><strong>Aplicação:</strong> Fertilizantes e sementes em tubos de plantio</li><li><strong>Detecção:</strong> Independente de formato e tamanho do material</li></ul><h2>Por que comprar na APP Agro Peças?</h2><ul><li>Sensor original Agral com garantia</li><li>Compatível com os principais monitores do mercado</li><li>Envio para todo o Brasil</li><li>Suporte técnico via WhatsApp</li></ul>","APP Agro Peças Padrão","Industrial & Commercial > Machinery > Agricultural Machinery","Sensores Agrícolas","sensor,fluxo,sflx2,agral,plantadeira,precision-planting,pm400,dickey-john,momentum,disponivel","true","Título","Padrão","SFLX2","shopify","0","deny","manual","true","false","sensor_SFLX2_ecommerce.png","Sensor de Fluxo SFLX2 Agral Plantadeiras Precision Planting","active"
"sensor-semente-pul2-agral","Sensor de Semente PUL-2 — Agral | Plantadeiras de Precisão","<p>Sensor de sementes microprocessado de alta precisão para plantadeiras de precisão. Identifica sementes de diferentes tamanhos que passam pelo tubo do sensor, garantindo contagem precisa linha a linha.</p><h2>Compatibilidade</h2><ul><li><strong>Monitores:</strong> Precision Planting 20|20, Dickey John PM400, Agrosystem MP36</li><li><strong>Sensores:</strong> Hy Rate Plus (Dickey John)</li><li><strong>Plantadeiras:</strong> Momentum (Massey Ferguson, Valtra, Fendt)</li></ul><h2>Especificações Técnicas</h2><ul><li><strong>Código:</strong> PUL-2</li><li><strong>Fabricante:</strong> Agral</li><li><strong>Tecnologia:</strong> Microprocessado</li><li><strong>Detecção:</strong> Sementes de tamanhos variados</li></ul><h2>Por que comprar na APP Agro Peças?</h2><ul><li>Sensor original Agral com garantia</li><li>Compatível com os principais monitores do mercado</li><li>Envio para todo o Brasil</li><li>Suporte técnico via WhatsApp</li></ul>","APP Agro Peças Padrão","Industrial & Commercial > Machinery > Agricultural Machinery","Sensores Agrícolas","sensor,semente,pul2,agral,plantadeira,precision-planting,pm400,dickey-john,momentum,disponivel","true","Título","Padrão","PUL-2","shopify","0","deny","manual","true","false","Sensor de Semente PUL-2 — Agral_ecommerce.png","Sensor de Semente PUL-2 Agral Plantadeiras Precision Planting","active"
"gps-gr200-greco","GPS Agrícola GR200 — Greco Agro Tech | Navegação de Precisão","<p>Sistema GPS agrícola GR200 com três modos de operação para máxima precisão no campo. Ideal para plantio, pulverização e aplicação em área, reduzindo sobreposição e falhas.</p><h2>Recursos</h2><ul><li><strong>Modo Reto:</strong> linhas paralelas automáticas</li><li><strong>Modo Curvo:</strong> adaptação ao contorno do terreno</li><li><strong>Modo Livre:</strong> traçado manual</li><li>Salva e exibe áreas trabalhadas</li><li>Pintamento de tela para visualização de cobertura</li><li>Barra de luz LED para guia do operador</li></ul><h2>Especificações</h2><ul><li><strong>Modelo:</strong> GR200</li><li><strong>Código:</strong> GR141207</li><li><strong>Fabricante:</strong> Greco Agro Tech</li></ul><h2>Por que comprar na APP Agro Peças?</h2><ul><li>Produto original com garantia do fabricante</li><li>Envio para todo o Brasil</li><li>Suporte técnico via WhatsApp</li></ul>","APP Agro Peças Padrão","Industrial & Commercial > Machinery > Agricultural Machinery","GPS Agrícola","gps,gr200,greco,navegação,barra-de-luz,plantio,pulverização,agricultura-de-precisão,disponivel","true","Título","Padrão","GR141207","shopify","0","deny","manual","true","false","greco_GR141207_ecommerce.png","GPS Agrícola GR200 Greco Agro Tech Navegação de Precisão","active"
"kit-iluminacao-noturna-greco","Kit de Iluminação Noturna Pulverização — Greco Agro Tech","<p>Kit completo de iluminação noturna com luz azul de alta intensidade para operações de pulverização noturna. Aumenta a segurança do operador e a precisão da faixa pulverizada.</p><h2>Recursos</h2><ul><li>Luz azul para melhor visualização da faixa aplicada à noite</li><li>Alta intensidade luminosa</li><li>Fácil instalação no pulverizador</li></ul><h2>Especificações</h2><ul><li><strong>Tipo:</strong> Luz Azul para Pulverização Noturna</li><li><strong>Código:</strong> GR141165</li><li><strong>Fabricante:</strong> Greco Agro Tech</li></ul><h2>Por que comprar na APP Agro Peças?</h2><ul><li>Produto original com garantia do fabricante</li><li>Envio para todo o Brasil</li><li>Suporte técnico via WhatsApp</li></ul>","APP Agro Peças Padrão","Industrial & Commercial > Machinery > Agricultural Machinery","Iluminação Agrícola","iluminação,noturna,luz-azul,pulverização,greco,kit,disponivel","true","Título","Padrão","GR141165","shopify","0","deny","manual","true","false","greco_GR141165_ecommerce.png","Kit Iluminação Noturna Pulverização Greco Agro Tech","active"
"kit-ponta-de-cerca-greco","Kit Ponta de Cerca — Greco Agro Tech","<p>Kit ponta de cerca Greco Agro Tech para delimitação e organização de áreas agrícolas. Alta durabilidade para uso intensivo no campo. Disponível em 20 ou 30 metros.</p><h2>Especificações</h2><ul><li><strong>Código:</strong> GR140990</li><li><strong>Fabricante:</strong> Greco Agro Tech</li><li><strong>Comprimentos disponíveis:</strong> 20 metros ou 30 metros</li></ul><h2>Por que comprar na APP Agro Peças?</h2><ul><li>Produto original com garantia do fabricante</li><li>Envio para todo o Brasil</li><li>Suporte técnico via WhatsApp</li></ul>","APP Agro Peças Padrão","Industrial & Commercial > Machinery > Agricultural Machinery","Kits Agrícolas","kit,ponta-de-cerca,cerca,greco,disponivel","true","Comprimento","30 Metros","GR140990-30M","shopify","0","deny","manual","true","false","greco_GR140990_ecommerce.png","Kit Ponta de Cerca Greco Agro Tech 30 metros","active"
"kit-ponta-de-cerca-greco","","","APP Agro Peças Padrão","","","","","Comprimento","20 Metros","GR140990-20M","shopify","0","deny","manual","true","false","","",""
"sensor-levante-haste-greco","Sensor de Levante Haste — Greco Agro Tech | Precision Planting PM400","<p>Sensor de levante tipo haste para monitoramento linha a linha em plantadeiras de precisão. Detecta o levante da linha de plantio com alta precisão, compatível com Precision Planting PM400.</p><h2>Compatibilidade</h2><ul><li>Precision Planting PM400</li><li>AGCO — Código original PP727123</li></ul><h2>Especificações</h2><ul><li><strong>Tipo:</strong> Sensor de Levante — Haste</li><li><strong>Código:</strong> GR140682</li><li><strong>Fabricante:</strong> Greco Agro Tech</li></ul><h2>Por que comprar na APP Agro Peças?</h2><ul><li>Produto original com garantia</li><li>Compatível com PM400 e AGCO PP727123</li><li>Envio para todo o Brasil</li></ul>","APP Agro Peças Padrão","Industrial & Commercial > Machinery > Agricultural Machinery","Sensores Agrícolas","sensor,levante,haste,greco,precision-planting,pm400,agco,PP727123,plantadeira,disponivel","true","Título","Padrão","GR140682","shopify","0","deny","manual","true","false","greco_GR140682_ecommerce.png","Sensor de Levante Haste Greco Agro Tech Precision Planting PM400","active"
"sensor-levante-corrente-greco","Sensor de Levante Corrente — Greco Agro Tech | Precision Planting PM400","<p>Sensor de levante tipo corrente para plantadeiras de precisão. Detecta o levante da linha com alta confiabilidade, compatível com Precision Planting PM400.</p><h2>Compatibilidade</h2><ul><li>Precision Planting PM400</li><li>AGCO — Código original PP726780</li></ul><h2>Especificações</h2><ul><li><strong>Tipo:</strong> Sensor de Levante — Corrente</li><li><strong>Código:</strong> GR140012</li><li><strong>Fabricante:</strong> Greco Agro Tech</li></ul><h2>Por que comprar na APP Agro Peças?</h2><ul><li>Produto original com garantia</li><li>Compatível com PM400 e AGCO PP726780</li><li>Envio para todo o Brasil</li></ul>","APP Agro Peças Padrão","Industrial & Commercial > Machinery > Agricultural Machinery","Sensores Agrícolas","sensor,levante,corrente,greco,precision-planting,pm400,agco,PP726780,plantadeira,disponivel","true","Título","Padrão","GR140012","shopify","0","deny","manual","true","false","greco_GR140012_ecommerce.png","Sensor de Levante Corrente Greco Agro Tech Precision Planting PM400","active"
"monitor-fluxo-sementes-gr500-greco","Monitor de Fluxo de Sementes GR500 — Greco Agro Tech","<p>Monitor de fluxo de sementes GR500 da Greco Agro Tech — solução completa para monitoramento de plantadeiras. Kit inclui todos os componentes para instalação imediata.</p><h2>Conteúdo do Kit</h2><ul><li>Monitor GR500</li><li>Cabo de bateria</li><li>Extensão de cabos</li><li>Chicote para ligação dos sensores</li><li>ECU (Unidade de Controle Eletrônico)</li></ul><h2>Especificações</h2><ul><li><strong>Modelo:</strong> GR500</li><li><strong>Código:</strong> GR142398</li><li><strong>Fabricante:</strong> Greco Agro Tech</li></ul><h2>Por que comprar na APP Agro Peças?</h2><ul><li>Kit completo pronto para instalar</li><li>Produto original com garantia do fabricante</li><li>Envio para todo o Brasil</li><li>Suporte técnico via WhatsApp</li></ul>","APP Agro Peças Padrão","Industrial & Commercial > Machinery > Agricultural Machinery","Monitores Agrícolas","monitor,fluxo,sementes,gr500,greco,kit,plantadeira,disponivel","true","Título","Padrão","GR142398","shopify","0","deny","manual","true","false","greco_GR142398_ecommerce.png","Monitor de Fluxo de Sementes GR500 Greco Agro Tech","active"
"sensor-fluxo-254mm-greco","Sensor de Fluxo 25,4mm — Greco Agro Tech | Precision Planting PM400","<p>Sensor de fluxo de sementes para tubos de 25,4mm (1 polegada). Compatível com o monitor Precision Planting PM400. Detecção precisa do fluxo de sementes linha a linha.</p><h2>Compatibilidade</h2><ul><li>Precision Planting PM400</li></ul><h2>Especificações</h2><ul><li><strong>Diâmetro do tubo:</strong> 25,4mm (1"")</li><li><strong>Código:</strong> GR142226</li><li><strong>Fabricante:</strong> Greco Agro Tech</li></ul><h2>Por que comprar na APP Agro Peças?</h2><ul><li>Produto original com garantia</li><li>Compatível com PM400</li><li>Envio para todo o Brasil</li></ul>","APP Agro Peças Padrão","Industrial & Commercial > Machinery > Agricultural Machinery","Sensores Agrícolas","sensor,fluxo,25mm,254mm,greco,precision-planting,pm400,plantadeira,disponivel","true","Título","Padrão","GR142226","shopify","0","deny","manual","true","false","greco_GR142226_ecommerce.png","Sensor de Fluxo 25.4mm Greco Agro Tech Precision Planting PM400","active"
"sensor-fluxo-32mm-greco","Sensor de Fluxo 32mm — Greco Agro Tech | Precision Planting PM400","<p>Sensor de fluxo de sementes para tubos de 32mm. Compatível com o monitor Precision Planting PM400 e código AGCO AXC3452630.</p><h2>Compatibilidade</h2><ul><li>Precision Planting PM400</li><li>AGCO — Código AXC3452630</li></ul><h2>Especificações</h2><ul><li><strong>Diâmetro do tubo:</strong> 32mm</li><li><strong>Código:</strong> GR142227</li><li><strong>Fabricante:</strong> Greco Agro Tech</li></ul><h2>Por que comprar na APP Agro Peças?</h2><ul><li>Produto original com garantia</li><li>Compatível com PM400 e AGCO AXC3452630</li><li>Envio para todo o Brasil</li></ul>","APP Agro Peças Padrão","Industrial & Commercial > Machinery > Agricultural Machinery","Sensores Agrícolas","sensor,fluxo,32mm,greco,precision-planting,pm400,agco,AXC3452630,plantadeira,disponivel","true","Título","Padrão","GR142227","shopify","0","deny","manual","true","false","greco_GR142227_ecommerce.png","Sensor de Fluxo 32mm Greco Agro Tech Precision Planting PM400","active"
"sensor-fluxo-508mm-greco","Sensor de Fluxo 50,8mm — Greco Agro Tech | Precision Planting PM400","<p>Sensor de fluxo de sementes para tubos de 50,8mm (2 polegadas). Compatível com o monitor Precision Planting PM400. Indicado para plantadeiras com linhas de maior diâmetro.</p><h2>Compatibilidade</h2><ul><li>Precision Planting PM400</li></ul><h2>Especificações</h2><ul><li><strong>Diâmetro do tubo:</strong> 50,8mm (2"")</li><li><strong>Código:</strong> GR142228</li><li><strong>Fabricante:</strong> Greco Agro Tech</li></ul><h2>Por que comprar na APP Agro Peças?</h2><ul><li>Produto original com garantia</li><li>Compatível com PM400</li><li>Envio para todo o Brasil</li></ul>","APP Agro Peças Padrão","Industrial & Commercial > Machinery > Agricultural Machinery","Sensores Agrícolas","sensor,fluxo,50mm,508mm,greco,precision-planting,pm400,plantadeira,disponivel","true","Título","Padrão","GR142228","shopify","0","deny","manual","true","false","greco_GR142228_ecommerce.png","Sensor de Fluxo 50.8mm Greco Agro Tech Precision Planting PM400","active"
"sensor-semente-greco","Sensor de Semente — Greco Agro Tech | Precision Planting PM400","<p>Sensor de semente para monitoramento linha a linha em plantadeiras de precisão. Compatível com Precision Planting PM400 e código AGCO AXC3452830.</p><h2>Compatibilidade</h2><ul><li>Precision Planting PM400</li><li>AGCO — Código AXC3452830</li></ul><h2>Especificações</h2><ul><li><strong>Tipo:</strong> Sensor de Semente</li><li><strong>Código:</strong> GR142229</li><li><strong>Fabricante:</strong> Greco Agro Tech</li></ul><h2>Por que comprar na APP Agro Peças?</h2><ul><li>Produto original com garantia</li><li>Compatível com PM400 e AGCO AXC3452830</li><li>Envio para todo o Brasil</li></ul>","APP Agro Peças Padrão","Industrial & Commercial > Machinery > Agricultural Machinery","Sensores Agrícolas","sensor,semente,greco,precision-planting,pm400,agco,AXC3452830,plantadeira,disponivel","true","Título","Padrão","GR142229","shopify","0","deny","manual","true","false","greco_GR142229_ecommerce.png","Sensor de Semente Greco Agro Tech Precision Planting PM400","active"
"suporte-dosador-agco-acx3266690","Suporte do Dosador — AGCO ACX3266690 | Plantadeira Momentum","<p>Suporte (bracket) responsável pela fixação e posicionamento do dosador de sementes na linha de plantio. Peça original AGCO fabricada em polímero de alta resistência, garantindo o alinhamento preciso do dosador no conjunto da linha da plantadeira pneumática.</p><h2>Compatibilidade</h2><p>Plantadeiras Pneumáticas AGCO — Massey Ferguson Momentum (MF 505, MF 509, MF 511, MF 513, MF 517), Valtra BP (Bullet Planter) e Fendt Momentum</p><h2>Especificações</h2><ul><li><strong>Código AGCO:</strong> ACX3266690</li><li><strong>Tipo:</strong> Suporte estrutural do dosador de sementes</li><li><strong>Material:</strong> Polímero de alta resistência</li><li><strong>Aplicação:</strong> Conjunto de linha de plantio pneumático</li></ul><h2>Por que comprar na APP Agro Peças?</h2><ul><li>Peça original AGCO com código OEM</li><li>Emissão de nota fiscal</li><li>Envio para todo o Brasil via transportadora ou Correios</li><li>Suporte técnico via WhatsApp</li></ul>","APP Agro Peças Padrão","Industrial & Commercial > Machinery > Agricultural Machinery","Peças para Plantadeira","agco,momentum,suporte,dosador,plantadeira,pneumatica,massey-ferguson,valtra,fendt,oem,disponivel","true","Título","Padrão","ACX3266690","shopify","0","deny","manual","true","false","https://cdn.shopify.com/s/files/1/0968/5932/4689/files/ACX3266690_ecommerce_1.png?v=1778507769","ACX3266690","active"
"suporte-dosador-agco-acx3266690","","","","","","","","","","","","","","","","","https://cdn.shopify.com/s/files/1/0968/5932/4689/files/ACX3266690_ecommerce_2.png?v=1778507771","ACX3266690",""
"suporte-dosador-agco-acx3266690","","","","","","","","","","","","","","","","","https://cdn.shopify.com/s/files/1/0968/5932/4689/files/ACX3266690_ecommerce_3.png?v=1778507774","ACX3266690",""
"cj-montado-reservatorio-sementes-mec-acx3454710","Conjunto Montado Reservatório de Sementes Mecânico — AGCO ACX3454710","<p>Conjunto montado completo do reservatório de sementes para sistema de dosagem mecânico. Inclui todos os componentes necessários para o armazenamento e alimentação de sementes ao mecanismo dosador da linha de plantio. Peça original AGCO.</p><h2>Compatibilidade</h2><p>Plantadeiras Pneumáticas AGCO — Massey Ferguson Momentum (MF 505, MF 509, MF 511, MF 513, MF 517), Valtra BP (Bullet Planter) e Fendt Momentum</p><h2>Especificações</h2><ul><li><strong>Código AGCO:</strong> ACX3454710</li><li><strong>Tipo:</strong> Conjunto montado — reservatório de sementes</li><li><strong>Sistema:</strong> Dosagem mecânica</li><li><strong>Fornecimento:</strong> Conjunto completo pré-montado</li></ul><h2>Por que comprar na APP Agro Peças?</h2><ul><li>Peça original AGCO com código OEM</li><li>Emissão de nota fiscal</li><li>Envio para todo o Brasil via transportadora ou Correios</li><li>Suporte técnico via WhatsApp</li></ul>","APP Agro Peças Padrão","Industrial & Commercial > Machinery > Agricultural Machinery","Peças para Plantadeira","agco,momentum,reservatorio,sementes,mecanico,conjunto,plantadeira,massey-ferguson,valtra,oem,disponivel","true","Título","Padrão","ACX3454710","shopify","0","deny","manual","true","false","https://cdn.shopify.com/s/files/1/0968/5932/4689/files/ACX3454710_ecommerce_1.png?v=1778507784","ACX3454710","active"
"cj-montado-reservatorio-sementes-mec-acx3454710","","","","","","","","","","","","","","","","","https://cdn.shopify.com/s/files/1/0968/5932/4689/files/ACX3454710_ecommerce_2.png?v=1778507786","ACX3454710",""
"cj-montado-reservatorio-sementes-mec-acx3454710","","","","","","","","","","","","","","","","","https://cdn.shopify.com/s/files/1/0968/5932/4689/files/ACX3454710_ecommerce_3.png?v=1778507789","ACX3454710",""
"cj-montado-reservatorio-sementes-mec-acx3454710","","","","","","","","","","","","","","","","","https://cdn.shopify.com/s/files/1/0968/5932/4689/files/ACX3454710_ecommerce_4.png?v=1778507792","ACX3454710",""
"condutor-sementes-sensor-agco-acw0551840","Condutor de Sementes para Sensor — AGCO ACW0551840","<p>Tubo condutor de sementes com suporte para fixação de sensor de monitoramento de linha. Permite a passagem das sementes da unidade dosadora ao sulcador enquanto viabiliza a instalação de sensores de contagem (compatíveis com monitores como SRM e PM400). Peça original AGCO.</p><h2>Compatibilidade</h2><p>Plantadeiras Pneumáticas AGCO — Massey Ferguson Momentum (MF 505, MF 509, MF 511, MF 513, MF 517), Valtra BP (Bullet Planter) e Fendt Momentum</p><ul><li>Monitores de plantio: AGCO SRM, Precision Planting PM400, Dickey-John</li></ul><h2>Especificações</h2><ul><li><strong>Código AGCO:</strong> ACW0551840</li><li><strong>Tipo:</strong> Condutor de sementes com ponto de fixação para sensor</li><li><strong>Aplicação:</strong> Linhas de plantio monitoradas</li></ul><h2>Por que comprar na APP Agro Peças?</h2><ul><li>Peça original AGCO com código OEM</li><li>Emissão de nota fiscal</li><li>Envio para todo o Brasil via transportadora ou Correios</li><li>Suporte técnico via WhatsApp</li></ul>","APP Agro Peças Padrão","Industrial & Commercial > Machinery > Agricultural Machinery","Peças para Plantadeira","agco,condutor,sementes,sensor,plantadeira,momentum,srm,pm400,massey-ferguson,valtra,oem,disponivel","true","Título","Padrão","ACW0551840","shopify","0","deny","manual","true","false","https://cdn.shopify.com/s/files/1/0968/5932/4689/files/ACW0551840_ecommerce_1.png?v=1778507757","ACW0551840","active"
"condutor-sementes-sensor-agco-acw0551840","","","","","","","","","","","","","","","","","https://cdn.shopify.com/s/files/1/0968/5932/4689/files/ACW0551840_ecommerce_2.png?v=1778507759","ACW0551840",""
"condutor-reto-agco-33070004","Condutor Reto de Sementes — AGCO 33070004","<p>Tubo condutor reto para condução de sementes da unidade dosadora ao mecanismo sulcador. Peça de reposição para o sistema de condução de sementes de plantadeiras AGCO. Fabricado em material resistente ao desgaste pelo fluxo contínuo de sementes.</p><h2>Compatibilidade</h2><p>Plantadeiras Pneumáticas AGCO — Massey Ferguson Momentum (MF 505, MF 509, MF 511, MF 513, MF 517), Valtra BP (Bullet Planter) e Fendt Momentum</p><h2>Especificações</h2><ul><li><strong>Código AGCO:</strong> 33070004</li><li><strong>Tipo:</strong> Condutor reto</li><li><strong>Aplicação:</strong> Sistema de condução de sementes</li></ul><h2>Por que comprar na APP Agro Peças?</h2><ul><li>Peça original AGCO com código OEM</li><li>Emissão de nota fiscal</li><li>Envio para todo o Brasil via transportadora ou Correios</li><li>Suporte técnico via WhatsApp</li></ul>","APP Agro Peças Padrão","Industrial & Commercial > Machinery > Agricultural Machinery","Peças para Plantadeira","agco,condutor,reto,sementes,plantadeira,momentum,massey-ferguson,valtra,oem,disponivel","true","Título","Padrão","33070004","shopify","0","deny","manual","true","false","https://cdn.shopify.com/s/files/1/0968/5932/4689/files/33070004_ecommerce.png?v=1778507747","33070004","active"
"tampa-maior-tubo-agco-acx3473430","Tampa Maior do Tubo — AGCO ACX3473430","<p>Tampa de vedação para o tubo de maior diâmetro do sistema de condução de sementes. Garante o fechamento correto do circuito pneumático ou de passagem de sementes, evitando perdas de vácuo ou queda de sementes. Peça original AGCO.</p><h2>Compatibilidade</h2><p>Plantadeiras Pneumáticas AGCO — Massey Ferguson Momentum (MF 505, MF 509, MF 511, MF 513, MF 517), Valtra BP (Bullet Planter) e Fendt Momentum</p><h2>Especificações</h2><ul><li><strong>Código AGCO:</strong> ACX3473430</li><li><strong>Tipo:</strong> Tampa de fechamento — tubo principal</li></ul><h2>Por que comprar na APP Agro Peças?</h2><ul><li>Peça original AGCO com código OEM</li><li>Emissão de nota fiscal</li><li>Envio para todo o Brasil via transportadora ou Correios</li><li>Suporte técnico via WhatsApp</li></ul>","APP Agro Peças Padrão","Industrial & Commercial > Machinery > Agricultural Machinery","Peças para Plantadeira","agco,tampa,tubo,vedacao,plantadeira,momentum,massey-ferguson,valtra,oem,disponivel","true","Título","Padrão","ACX3473430","shopify","0","deny","manual","true","false","https://cdn.shopify.com/placeholder.png","Tampa Maior do Tubo — AGCO ACX3473430","active"
"copo-venturi-b-agco-acx363311b","Copo Venturi B — AGCO ACX363311B | Dosador Pneumático","<p>Copo venturi tipo B para unidade dosadora pneumática de sementes. O copo venturi é a peça responsável por gerar o efeito venturi que cria o vácuo localizado utilizado para capturar e singularizar as sementes no disco dosador. É um item de desgaste que deve ser inspecionado e substituído periodicamente para garantir a precisão no plantio. Peça original AGCO.</p><h2>Compatibilidade</h2><p>Plantadeiras Pneumáticas AGCO — Massey Ferguson Momentum (MF 505, MF 509, MF 511, MF 513, MF 517), Valtra BP (Bullet Planter) e Fendt Momentum</p><h2>Especificações</h2><ul><li><strong>Código AGCO:</strong> ACX363311B</li><li><strong>Tipo:</strong> Copo Venturi — modelo B</li><li><strong>Aplicação:</strong> Dosador pneumático de sementes</li><li><strong>Observação:</strong> Item sujeito a desgaste — substituição periódica recomendada</li></ul><h2>Por que comprar na APP Agro Peças?</h2><ul><li>Peça original AGCO com código OEM</li><li>Emissão de nota fiscal</li><li>Envio para todo o Brasil via transportadora ou Correios</li><li>Suporte técnico via WhatsApp</li></ul>","APP Agro Peças Padrão","Industrial & Commercial > Machinery > Agricultural Machinery","Peças para Plantadeira","agco,copo,venturi,dosador,pneumatico,sementes,plantadeira,momentum,massey-ferguson,valtra,oem,disponivel","true","Título","Padrão","ACX363311B","shopify","0","deny","manual","true","false","https://cdn.shopify.com/s/files/1/0968/5932/4689/files/ACX363311B_ecommerce.png?v=1778507795","ACX363311B","active"
"copo-venturi-c-agco-acx363311c","Copo Venturi C — AGCO ACX363311C | Dosador Pneumático","<p>Copo venturi tipo C para unidade dosadora pneumática de sementes. Gera o efeito venturi responsável pela singularização das sementes no disco dosador. Item de desgaste que requer substituição periódica. Peça original AGCO.</p><h2>Compatibilidade</h2><p>Plantadeiras Pneumáticas AGCO — Massey Ferguson Momentum (MF 505, MF 509, MF 511, MF 513, MF 517), Valtra BP (Bullet Planter) e Fendt Momentum</p><h2>Especificações</h2><ul><li><strong>Código AGCO:</strong> ACX363311C</li><li><strong>Tipo:</strong> Copo Venturi — modelo C</li><li><strong>Aplicação:</strong> Dosador pneumático de sementes</li><li><strong>Observação:</strong> Item sujeito a desgaste — substituição periódica recomendada</li></ul><h2>Por que comprar na APP Agro Peças?</h2><ul><li>Peça original AGCO com código OEM</li><li>Emissão de nota fiscal</li><li>Envio para todo o Brasil via transportadora ou Correios</li><li>Suporte técnico via WhatsApp</li></ul>","APP Agro Peças Padrão","Industrial & Commercial > Machinery > Agricultural Machinery","Peças para Plantadeira","agco,copo,venturi,dosador,pneumatico,sementes,plantadeira,momentum,massey-ferguson,valtra,oem,disponivel","true","Título","Padrão","ACX363311C","shopify","0","deny","manual","true","false","https://cdn.shopify.com/s/files/1/0968/5932/4689/files/ACX363311C_ecommerce.png?v=1778507799","ACX363311C","active"
"copo-venturi-agco-acx3601860","Copo Venturi — AGCO ACX3601860 | Dosador Pneumático","<p>Copo venturi padrão para unidade dosadora pneumática de sementes. Responsável por criar o vácuo localizado no disco dosador que singulariza as sementes para o plantio de precisão. Item de desgaste. Peça original AGCO.</p><h2>Compatibilidade</h2><p>Plantadeiras Pneumáticas AGCO — Massey Ferguson Momentum (MF 505, MF 509, MF 511, MF 513, MF 517), Valtra BP (Bullet Planter) e Fendt Momentum</p><h2>Especificações</h2><ul><li><strong>Código AGCO:</strong> ACX3601860</li><li><strong>Tipo:</strong> Copo Venturi — padrão</li><li><strong>Aplicação:</strong> Dosador pneumático de sementes</li><li><strong>Observação:</strong> Item sujeito a desgaste — substituição periódica recomendada</li></ul><h2>Por que comprar na APP Agro Peças?</h2><ul><li>Peça original AGCO com código OEM</li><li>Emissão de nota fiscal</li><li>Envio para todo o Brasil via transportadora ou Correios</li><li>Suporte técnico via WhatsApp</li></ul>","APP Agro Peças Padrão","Industrial & Commercial > Machinery > Agricultural Machinery","Peças para Plantadeira","agco,copo,venturi,dosador,pneumatico,sementes,plantadeira,momentum,massey-ferguson,valtra,oem,disponivel","true","Título","Padrão","ACX3601860","shopify","0","deny","manual","true","false","https://cdn.shopify.com/placeholder.png","Copo Venturi — AGCO ACX3601860 | Dosador Pneumático","active"
"vedacao-tubo-ar-agco-acx283890a","Vedação Tubo de Ar — AGCO ACX283890A | Sistema Pneumático","<p>Vedação (seal) para o tubo de ar do sistema pneumático da plantadeira. Garante a estanqueidade do circuito de vácuo/pressão, evitando perdas que comprometem a precisão na dosagem de sementes. Peça original AGCO.</p><h2>Compatibilidade</h2><p>Plantadeiras Pneumáticas AGCO — Massey Ferguson Momentum (MF 505, MF 509, MF 511, MF 513, MF 517), Valtra BP (Bullet Planter) e Fendt Momentum</p><h2>Especificações</h2><ul><li><strong>Código AGCO:</strong> ACX283890A</li><li><strong>Tipo:</strong> Vedação — tubo de ar</li><li><strong>Aplicação:</strong> Circuito pneumático de vácuo/pressão</li><li><strong>Observação:</strong> Substituir ao detectar perda de vácuo ou pressão</li></ul><h2>Por que comprar na APP Agro Peças?</h2><ul><li>Peça original AGCO com código OEM</li><li>Emissão de nota fiscal</li><li>Envio para todo o Brasil via transportadora ou Correios</li><li>Suporte técnico via WhatsApp</li></ul>","APP Agro Peças Padrão","Industrial & Commercial > Machinery > Agricultural Machinery","Peças para Plantadeira","agco,vedacao,tubo,ar,pneumatico,vacuo,plantadeira,momentum,massey-ferguson,valtra,oem,disponivel","true","Título","Padrão","ACX283890A","shopify","0","deny","manual","true","false","https://cdn.shopify.com/placeholder.png","Vedação Tubo de Ar — AGCO ACX283890A | Sistema Pneumático","active"
"manipulo-pneumatico-agco-acx310603a","Manípulo Pneumático — AGCO ACX310603A","<p>Manípulo (alavanca/manete) de acionamento pneumático para controle de funções da plantadeira. Permite ao operador acionar mecanismos pneumáticos da máquina. Peça original AGCO.</p><h2>Compatibilidade</h2><p>Plantadeiras Pneumáticas AGCO — Massey Ferguson Momentum (MF 505, MF 509, MF 511, MF 513, MF 517), Valtra BP (Bullet Planter) e Fendt Momentum</p><h2>Especificações</h2><ul><li><strong>Código AGCO:</strong> ACX310603A</li><li><strong>Tipo:</strong> Manípulo — acionamento pneumático</li></ul><h2>Por que comprar na APP Agro Peças?</h2><ul><li>Peça original AGCO com código OEM</li><li>Emissão de nota fiscal</li><li>Envio para todo o Brasil via transportadora ou Correios</li><li>Suporte técnico via WhatsApp</li></ul>","APP Agro Peças Padrão","Industrial & Commercial > Machinery > Agricultural Machinery","Peças para Plantadeira","agco,manipulo,pneumatico,acionamento,plantadeira,momentum,massey-ferguson,valtra,oem,disponivel","true","Título","Padrão","ACX310603A","shopify","0","deny","manual","true","false","https://cdn.shopify.com/s/files/1/0968/5932/4689/files/ACX310603A_ecommerce.png?v=1778507765","ACX310603A","active"
"cj-adaptador-vacuo-agco-acx2414460","Conjunto Adaptador de Vácuo — AGCO ACX2414460","<p>Conjunto completo adaptador de vácuo para o sistema pneumático da plantadeira. Realiza a conexão e adaptação entre componentes do circuito de vácuo, garantindo a distribuição uniforme do vácuo a todas as unidades dosadoras. Peça original AGCO.</p><h2>Compatibilidade</h2><p>Plantadeiras Pneumáticas AGCO — Massey Ferguson Momentum (MF 505, MF 509, MF 511, MF 513, MF 517), Valtra BP (Bullet Planter) e Fendt Momentum</p><h2>Especificações</h2><ul><li><strong>Código AGCO:</strong> ACX2414460</li><li><strong>Tipo:</strong> Conjunto adaptador — circuito de vácuo</li><li><strong>Fornecimento:</strong> Conjunto completo</li></ul><h2>Por que comprar na APP Agro Peças?</h2><ul><li>Peça original AGCO com código OEM</li><li>Emissão de nota fiscal</li><li>Envio para todo o Brasil via transportadora ou Correios</li><li>Suporte técnico via WhatsApp</li></ul>","APP Agro Peças Padrão","Industrial & Commercial > Machinery > Agricultural Machinery","Peças para Plantadeira","agco,adaptador,vacuo,conjunto,pneumatico,plantadeira,momentum,massey-ferguson,valtra,oem,disponivel","true","Título","Padrão","ACX2414460","shopify","0","deny","manual","true","false","https://cdn.shopify.com/s/files/1/0968/5932/4689/files/ACX2414460_ecommerce.png?v=1778507762","ACX2414460","active"
"bocal-cotovelo-vacuo-agco-acx3371800","Bocal Cotovelo de Vácuo — AGCO ACX3371800","<p>Bocal em formato de cotovelo para conexão no circuito de vácuo da plantadeira pneumática. Permite a mudança de direção na tubulação de vácuo sem perdas de pressão. Peça original AGCO.</p><h2>Compatibilidade</h2><p>Plantadeiras Pneumáticas AGCO — Massey Ferguson Momentum (MF 505, MF 509, MF 511, MF 513, MF 517), Valtra BP (Bullet Planter) e Fendt Momentum</p><h2>Especificações</h2><ul><li><strong>Código AGCO:</strong> ACX3371800</li><li><strong>Tipo:</strong> Bocal cotovelo — circuito de vácuo</li><li><strong>Geometria:</strong> Cotovelo (mudança de direção)</li></ul><h2>Por que comprar na APP Agro Peças?</h2><ul><li>Peça original AGCO com código OEM</li><li>Emissão de nota fiscal</li><li>Envio para todo o Brasil via transportadora ou Correios</li><li>Suporte técnico via WhatsApp</li></ul>","APP Agro Peças Padrão","Industrial & Commercial > Machinery > Agricultural Machinery","Peças para Plantadeira","agco,bocal,cotovelo,vacuo,pneumatico,plantadeira,momentum,massey-ferguson,valtra,oem,disponivel","true","Título","Padrão","ACX3371800","shopify","0","deny","manual","true","false","https://cdn.shopify.com/s/files/1/0968/5932/4689/files/ACX3371800_ecommerce.png?v=1778507780","ACX3371800","active"
"cj-montado-joelho-agco-acx2719210","Conjunto Montado Joelho — AGCO ACX2719210","<p>Conjunto montado em formato de joelho (cotovelo) para o sistema de condução de sementes ou circuito pneumático da plantadeira. Fornecido pré-montado, pronto para instalação. Peça original AGCO.</p><h2>Compatibilidade</h2><p>Plantadeiras Pneumáticas AGCO — Massey Ferguson Momentum (MF 505, MF 509, MF 511, MF 513, MF 517), Valtra BP (Bullet Planter) e Fendt Momentum</p><h2>Especificações</h2><ul><li><strong>Código AGCO:</strong> ACX2719210</li><li><strong>Tipo:</strong> Conjunto montado — joelho</li><li><strong>Fornecimento:</strong> Conjunto completo pré-montado</li></ul><h2>Por que comprar na APP Agro Peças?</h2><ul><li>Peça original AGCO com código OEM</li><li>Emissão de nota fiscal</li><li>Envio para todo o Brasil via transportadora ou Correios</li><li>Suporte técnico via WhatsApp</li></ul>","APP Agro Peças Padrão","Industrial & Commercial > Machinery > Agricultural Machinery","Peças para Plantadeira","agco,conjunto,joelho,cotovelo,plantadeira,momentum,massey-ferguson,valtra,oem,disponivel","true","Título","Padrão","ACX2719210","shopify","0","deny","manual","true","false","https://cdn.shopify.com/placeholder.png","Conjunto Montado Joelho — AGCO ACX2719210","active"
"acoplamento-condutor-massey-7038105m1","Acoplamento do Condutor — Massey Ferguson 7038105M1","<p>Acoplamento de encaixe para conexão entre seções do tubo condutor de sementes. Garante a vedação e a continuidade do fluxo de sementes entre os segmentos do condutor. Peça original Massey Ferguson (código OEM com sufixo M1).</p><h2>Compatibilidade</h2><p>Plantadeiras Pneumáticas AGCO — Massey Ferguson Momentum (MF 505, MF 509, MF 511, MF 513, MF 517), Valtra BP (Bullet Planter) e Fendt Momentum</p><h2>Especificações</h2><ul><li><strong>Código OEM:</strong> 7038105M1</li><li><strong>Fabricante:</strong> Massey Ferguson / AGCO</li><li><strong>Tipo:</strong> Acoplamento — condutor de sementes (seção reta)</li></ul><h2>Por que comprar na APP Agro Peças?</h2><ul><li>Peça original AGCO com código OEM</li><li>Emissão de nota fiscal</li><li>Envio para todo o Brasil via transportadora ou Correios</li><li>Suporte técnico via WhatsApp</li></ul>","APP Agro Peças Padrão","Industrial & Commercial > Machinery > Agricultural Machinery","Peças para Plantadeira","agco,massey-ferguson,acoplamento,condutor,sementes,plantadeira,momentum,oem,disponivel","true","Título","Padrão","7038105M1","shopify","0","deny","manual","true","false","https://cdn.shopify.com/s/files/1/0968/5932/4689/files/7038105M1_ecommerce.png?v=1778507750","7038105M1","active"
"acoplamento-curva-massey-7038106m1","Acoplamento da Curva — Massey Ferguson 7038106M1","<p>Acoplamento de encaixe para a seção curva do tubo condutor de sementes. Conecta o trecho curvo do condutor às demais seções, garantindo a continuidade do fluxo de sementes sem obstruções. Peça original Massey Ferguson.</p><h2>Compatibilidade</h2><p>Plantadeiras Pneumáticas AGCO — Massey Ferguson Momentum (MF 505, MF 509, MF 511, MF 513, MF 517), Valtra BP (Bullet Planter) e Fendt Momentum</p><h2>Especificações</h2><ul><li><strong>Código OEM:</strong> 7038106M1</li><li><strong>Fabricante:</strong> Massey Ferguson / AGCO</li><li><strong>Tipo:</strong> Acoplamento — trecho curvo do condutor de sementes</li></ul><h2>Por que comprar na APP Agro Peças?</h2><ul><li>Peça original AGCO com código OEM</li><li>Emissão de nota fiscal</li><li>Envio para todo o Brasil via transportadora ou Correios</li><li>Suporte técnico via WhatsApp</li></ul>","APP Agro Peças Padrão","Industrial & Commercial > Machinery > Agricultural Machinery","Peças para Plantadeira","agco,massey-ferguson,acoplamento,curva,condutor,sementes,plantadeira,momentum,oem,disponivel","true","Título","Padrão","7038106M1","shopify","0","deny","manual","true","false","https://cdn.shopify.com/s/files/1/0968/5932/4689/files/7038106M1_ecommerce.png?v=1778507754","7038106M1","active"
"tampa-modulo-srm-agco-acx2865730","Tampa do Módulo SRM — AGCO ACX2865730 | Monitor de Linhas","<p>Tampa de proteção para o módulo SRM (Seed Rate Monitor) da plantadeira. O SRM é o sistema de monitoramento de linhas da AGCO que detecta e registra o fluxo de sementes em cada linha de plantio em tempo real. A tampa protege a eletrônica do módulo contra poeira, umidade e impactos. Peça original AGCO.</p><h2>Compatibilidade</h2><p>Plantadeiras Pneumáticas AGCO — Massey Ferguson Momentum (MF 505, MF 509, MF 511, MF 513, MF 517), Valtra BP (Bullet Planter) e Fendt Momentum</p><ul><li>Sistema de monitoramento: AGCO SRM (Seed Rate Monitor)</li></ul><h2>Especificações</h2><ul><li><strong>Código AGCO:</strong> ACX2865730</li><li><strong>Tipo:</strong> Tampa — módulo SRM</li><li><strong>Aplicação:</strong> Sistema de monitoramento de linhas SRM</li></ul><h2>Por que comprar na APP Agro Peças?</h2><ul><li>Peça original AGCO com código OEM</li><li>Emissão de nota fiscal</li><li>Envio para todo o Brasil via transportadora ou Correios</li><li>Suporte técnico via WhatsApp</li></ul>","APP Agro Peças Padrão","Industrial & Commercial > Machinery > Agricultural Machinery","Peças para Plantadeira","agco,srm,monitor,linhas,tampa,modulo,plantadeira,momentum,massey-ferguson,valtra,oem,disponivel","true","Título","Padrão","ACX2865730","shopify","0","deny","manual","true","false","https://cdn.shopify.com/placeholder.png","Tampa do Módulo SRM — AGCO ACX2865730 | Monitor de Linhas","active"
"protecao-srm-agco-acx5458940","Proteção SRM — AGCO ACX5458940 | Monitor de Linhas","<p>Proteção física para o módulo SRM (Seed Rate Monitor) instalado nas linhas de plantio. Protege o módulo eletrônico de monitoramento contra danos mecânicos causados por resíduos de cultura, torrões e impactos durante a operação de plantio. Peça original AGCO.</p><h2>Compatibilidade</h2><p>Plantadeiras Pneumáticas AGCO — Massey Ferguson Momentum (MF 505, MF 509, MF 511, MF 513, MF 517), Valtra BP (Bullet Planter) e Fendt Momentum</p><ul><li>Sistema de monitoramento: AGCO SRM (Seed Rate Monitor)</li></ul><h2>Especificações</h2><ul><li><strong>Código AGCO:</strong> ACX5458940</li><li><strong>Tipo:</strong> Proteção mecânica — módulo SRM</li></ul><h2>Por que comprar na APP Agro Peças?</h2><ul><li>Peça original AGCO com código OEM</li><li>Emissão de nota fiscal</li><li>Envio para todo o Brasil via transportadora ou Correios</li><li>Suporte técnico via WhatsApp</li></ul>","APP Agro Peças Padrão","Industrial & Commercial > Machinery > Agricultural Machinery","Peças para Plantadeira","agco,srm,monitor,linhas,protecao,modulo,plantadeira,momentum,massey-ferguson,valtra,oem,disponivel","true","Título","Padrão","ACX5458940","shopify","0","deny","manual","true","false","https://cdn.shopify.com/s/files/1/0968/5932/4689/files/ACX5458940_ecommerce.png?v=1778507801","ACX5458940","active"
"dobradica-esquerda-inferior-massey-4383927m4","Dobradiça Esquerda Inferior — Massey Ferguson 4383927M4","<p>Dobradiça (posição esquerda inferior) para painéis, tampas ou caixas de equipamentos Massey Ferguson. Fabricada em aço, suporta abertura e fechamento repetitivos sem perda de alinhamento. Peça original Massey Ferguson (código OEM com sufixo M4).</p><h2>Compatibilidade</h2><p>Plantadeiras Pneumáticas AGCO — Massey Ferguson Momentum (MF 505, MF 509, MF 511, MF 513, MF 517), Valtra BP (Bullet Planter) e Fendt Momentum</p><h2>Especificações</h2><ul><li><strong>Código OEM:</strong> 4383927M4</li><li><strong>Fabricante:</strong> Massey Ferguson / AGCO</li><li><strong>Posição:</strong> Esquerda Inferior</li><li><strong>Material:</strong> Aço</li></ul><h2>Por que comprar na APP Agro Peças?</h2><ul><li>Peça original AGCO com código OEM</li><li>Emissão de nota fiscal</li><li>Envio para todo o Brasil via transportadora ou Correios</li><li>Suporte técnico via WhatsApp</li></ul>","APP Agro Peças Padrão","Industrial & Commercial > Machinery > Agricultural Machinery","Peças para Plantadeira","agco,massey-ferguson,dobradica,esquerda,inferior,plantadeira,momentum,oem,disponivel","true","Título","Padrão","4383927M4","shopify","0","deny","manual","true","false","https://cdn.shopify.com/placeholder.png","Dobradiça Esquerda Inferior — Massey Ferguson 4383927M4","active"
"dobradica-esquerda-superior-massey-4383923m4","Dobradiça Esquerda Superior — Massey Ferguson 4383923M4","<p>Dobradiça (posição esquerda superior) para painéis, tampas ou caixas de equipamentos Massey Ferguson. Peça original Massey Ferguson (código OEM com sufixo M4).</p><h2>Compatibilidade</h2><p>Plantadeiras Pneumáticas AGCO — Massey Ferguson Momentum (MF 505, MF 509, MF 511, MF 513, MF 517), Valtra BP (Bullet Planter) e Fendt Momentum</p><h2>Especificações</h2><ul><li><strong>Código OEM:</strong> 4383923M4</li><li><strong>Fabricante:</strong> Massey Ferguson / AGCO</li><li><strong>Posição:</strong> Esquerda Superior</li><li><strong>Material:</strong> Aço</li></ul><h2>Por que comprar na APP Agro Peças?</h2><ul><li>Peça original AGCO com código OEM</li><li>Emissão de nota fiscal</li><li>Envio para todo o Brasil via transportadora ou Correios</li><li>Suporte técnico via WhatsApp</li></ul>","APP Agro Peças Padrão","Industrial & Commercial > Machinery > Agricultural Machinery","Peças para Plantadeira","agco,massey-ferguson,dobradica,esquerda,superior,plantadeira,momentum,oem,disponivel","true","Título","Padrão","4383923M4","shopify","0","deny","manual","true","false","https://cdn.shopify.com/placeholder.png","Dobradiça Esquerda Superior — Massey Ferguson 4383923M4","active"
"dobradica-direita-superior-massey-4383933m4","Dobradiça Direita Superior — Massey Ferguson 4383933M4","<p>Dobradiça (posição direita superior) para painéis, tampas ou caixas de equipamentos Massey Ferguson. Peça original Massey Ferguson (código OEM com sufixo M4).</p><h2>Compatibilidade</h2><p>Plantadeiras Pneumáticas AGCO — Massey Ferguson Momentum (MF 505, MF 509, MF 511, MF 513, MF 517), Valtra BP (Bullet Planter) e Fendt Momentum</p><h2>Especificações</h2><ul><li><strong>Código OEM:</strong> 4383933M4</li><li><strong>Fabricante:</strong> Massey Ferguson / AGCO</li><li><strong>Posição:</strong> Direita Superior</li><li><strong>Material:</strong> Aço</li></ul><h2>Por que comprar na APP Agro Peças?</h2><ul><li>Peça original AGCO com código OEM</li><li>Emissão de nota fiscal</li><li>Envio para todo o Brasil via transportadora ou Correios</li><li>Suporte técnico via WhatsApp</li></ul>","APP Agro Peças Padrão","Industrial & Commercial > Machinery > Agricultural Machinery","Peças para Plantadeira","agco,massey-ferguson,dobradica,direita,superior,plantadeira,momentum,oem,disponivel","true","Título","Padrão","4383933M4","shopify","0","deny","manual","true","false","https://cdn.shopify.com/placeholder.png","Dobradiça Direita Superior — Massey Ferguson 4383933M4","active"
"dobradica-direita-inferior-massey-4383934m4","Dobradiça Direita Inferior — Massey Ferguson 4383934M4","<p>Dobradiça (posição direita inferior) para painéis, tampas ou caixas de equipamentos Massey Ferguson. Peça original Massey Ferguson (código OEM com sufixo M4).</p><h2>Compatibilidade</h2><p>Plantadeiras Pneumáticas AGCO — Massey Ferguson Momentum (MF 505, MF 509, MF 511, MF 513, MF 517), Valtra BP (Bullet Planter) e Fendt Momentum</p><h2>Especificações</h2><ul><li><strong>Código OEM:</strong> 4383934M4</li><li><strong>Fabricante:</strong> Massey Ferguson / AGCO</li><li><strong>Posição:</strong> Direita Inferior</li><li><strong>Material:</strong> Aço</li></ul><h2>Por que comprar na APP Agro Peças?</h2><ul><li>Peça original AGCO com código OEM</li><li>Emissão de nota fiscal</li><li>Envio para todo o Brasil via transportadora ou Correios</li><li>Suporte técnico via WhatsApp</li></ul>","APP Agro Peças Padrão","Industrial & Commercial > Machinery > Agricultural Machinery","Peças para Plantadeira","agco,massey-ferguson,dobradica,direita,inferior,plantadeira,momentum,oem,disponivel","true","Título","Padrão","4383934M4","shopify","0","deny","manual","true","false","https://cdn.shopify.com/placeholder.png","Dobradiça Direita Inferior — Massey Ferguson 4383934M4","active"
"defletor-radiador-agco-acx329796a","Defletor do Radiador — AGCO ACX329796A","<p>Defletor do radiador para equipamentos AGCO. O defletor direciona e otimiza o fluxo de ar que passa pelo radiador, melhorando a eficiência do sistema de arrefecimento do motor. Peça original AGCO, fabricada em material resistente a altas temperaturas.</p><h2>Compatibilidade</h2><p>Equipamentos AGCO — consulte o manual do proprietário ou o revendedor AGCO autorizado para confirmar compatibilidade com o seu modelo específico.</p><h2>Especificações</h2><ul><li><strong>Código AGCO:</strong> ACX329796A</li><li><strong>Tipo:</strong> Defletor do radiador</li><li><strong>Aplicação:</strong> Sistema de arrefecimento do motor</li></ul><h2>Por que comprar na APP Agro Peças?</h2><ul><li>Peça original AGCO com código OEM</li><li>Emissão de nota fiscal</li><li>Envio para todo o Brasil via transportadora ou Correios</li><li>Suporte técnico via WhatsApp</li></ul>","APP Agro Peças Padrão","Industrial & Commercial > Machinery > Agricultural Machinery","Peças para Trator","agco,massey-ferguson,defletor,radiador,arrefecimento,motor,trator,oem,disponivel","true","Título","Padrão","ACX329796A","shopify","0","deny","manual","true","false","https://cdn.shopify.com/s/files/1/0968/5932/4689/files/ACX329796A_ecommerce.png?v=1778507777","ACX329796A","active"
